,Unnamed: 0,Price,Age,KM,FuelType,HP,MetColor,Automatic,CC,Doors,Weight
0,0,13500,23.0,46986.0,Diesel,90.0,1.0,0,2000,three,1165
1,1,13750,23.0,72937.0,Diesel,90.0,1.0,0,2000,3,1165
2,2,13950,24.0,41711.0,Diesel,90.0,,0,2000,3,1165
3,3,14950,26.0,48000.0,Diesel,90.0,0.0,0,2000,3,1165
4,4,13750,30.0,38500.0,Diesel,90.0,0.0,0,2000,3,1170
5,5,12950,32.0,61000.0,Diesel,90.0,0.0,0,2000,3,1170
6,6,16900,27.0,,Diesel,,,0,2000,3,1245
7,7,18600,30.0,75889.0,,90.0,1.0,0,2000,3,1245
8,8,21500,27.0,19700.0,Petrol,192.0,0.0,0,1800,3,1185
9,9,12950,23.0,71138.0,Diesel,,,0,1900,3,1105
10,10,20950,25.0,31461.0,Petrol,192.0,0.0,0,1800,3,1185
11,11,19950,22.0,43610.0,Petrol,192.0,0.0,0,1800,3,1185
12,12,19600,25.0,32189.0,Petrol,192.0,0.0,0,1800,3,1185
13,13,21500,31.0,23000.0,Petrol,192.0,1.0,0,1800,3,1185
14,14,22500,32.0,34131.0,Petrol,192.0,1.0,0,1800,3,1185
15,15,22000,28.0,18739.0,Petrol,,0.0,0,1800,3,1185
16,16,22750,30.0,34000.0,Petrol,192.0,1.0,0,1800,3,1185
17,17,17950,24.0,21716.0,Petrol,110.0,1.0,0,1600,3,1105
18,18,16750,24.0,25563.0,Petrol,110.0,0.0,0,1600,3,1065
19,19,16950,30.0,64359.0,Petrol,110.0,1.0,0,1600,3,1105
20,20,15950,30.0,67660.0,Petrol,110.0,1.0,0,1600,3,1105
21,21,16950,29.0,43905.0,,110.0,0.0,1,1600,3,1170
22,22,15950,28.0,56349.0,Petrol,110.0,1.0,0,1600,3,1120
23,23,16950,28.0,32220.0,Petrol,110.0,1.0,0,1600,3,1120
24,24,16250,29.0,25813.0,Petrol,110.0,1.0,0,1600,3,1120
25,25,15950,25.0,28450.0,Petrol,110.0,1.0,0,1600,3,1120
26,26,17495,27.0,34545.0,,110.0,1.0,0,1600,3,1120
27,27,15750,29.0,41415.0,Petrol,110.0,1.0,0,1600,3,1120
28,28,16950,28.0,44142.0,Petrol,110.0,0.0,0,1600,3,1120
29,29,17950,30.0,11090.0,,110.0,,0,1600,3,1120
30,30,12950,29.0,9750.0,Petrol,97.0,1.0,0,1400,3,1100
31,31,15750,22.0,35199.0,Petrol,97.0,1.0,0,1400,3,1100
32,32,15950,27.0,29510.0,Petrol,97.0,1.0,0,1400,3,1100
33,33,14950,,32692.0,Petrol,97.0,1.0,0,1400,3,1100
34,34,15500,22.0,41000.0,Petrol,97.0,1.0,0,1400,3,1100
35,35,15750,26.0,43000.0,Petrol,97.0,0.0,0,1400,3,1100
36,36,15950,25.0,25000.0,Petrol,97.0,0.0,0,1400,3,1100
37,37,14950,23.0,10000.0,Petrol,97.0,1.0,0,1400,3,1100
38,38,15750,32.0,25329.0,Petrol,97.0,1.0,0,1400,3,1100
39,39,14750,27.0,27500.0,Petrol,97.0,0.0,0,1400,3,1100
40,40,13950,22.0,49059.0,Petrol,97.0,0.0,0,1400,3,1100
41,41,16750,27.0,44068.0,Petrol,97.0,1.0,0,1400,3,1100
42,42,13950,22.0,46961.0,Petrol,97.0,0.0,0,1400,3,1100
43,43,16950,27.0,110404.0,Diesel,90.0,,0,2000,5,1255
44,44,16950,22.0,100250.0,,90.0,0.0,0,2000,5,1255
45,45,19000,23.0,84000.0,Diesel,90.0,,0,2000,5,1270
46,46,17950,27.0,79375.0,Diesel,90.0,1.0,0,2000,5,1255
47,47,15800,22.0,75048.0,Petrol,97.0,1.0,0,1400,5,1110
48,48,17950,22.0,72215.0,Diesel,90.0,1.0,0,2000,5,1255
49,49,21950,31.0,64982.0,Petrol,192.0,,0,1800,5,1195
50,50,17950,22.0,62636.0,Diesel,90.0,1.0,0,2000,5,1255
51,51,15750,30.0,57086.0,Petrol,97.0,1.0,0,1400,5,1110
52,52,20500,26.0,56000.0,Petrol,110.0,1.0,1,1600,5,1180
53,53,21950,27.0,49866.0,Petrol,192.0,1.0,0,1800,5,1195
54,54,15500,25.0,49163.0,Petrol,110.0,0.0,1,1600,5,1165
55,55,13250,,45725.0,Petrol,110.0,1.0,0,1600,5,1075
56,56,15250,28.0,43210.0,Petrol,97.0,0.0,0,1400,5,1110
57,57,15250,26.0,43000.0,Petrol,97.0,0.0,0,1400,5,1110
58,58,18950,23.0,39704.0,Petrol,110.0,1.0,1,1600,5,1180
59,59,15999,30.0,38950.0,Petrol,110.0,1.0,0,1600,5,1130
60,60,14950,22.0,37400.0,,97.0,1.0,0,1400,5,1110
61,61,16500,27.0,37177.0,Petrol,110.0,,0,1600,5,1130
62,62,18750,31.0,36544.0,Petrol,110.0,1.0,0,1600,5,1130
63,63,17950,30.0,33511.0,Petrol,110.0,1.0,0,1600,5,1130
64,64,17950,27.0,,Petrol,97.0,1.0,0,1400,5,1110
65,65,16950,26.0,32181.0,Petrol,110.0,1.0,0,1600,5,1075
66,66,18950,28.0,30993.0,Petrol,110.0,1.0,0,1600,5,1130
67,67,14950,22.0,30400.0,Petrol,97.0,1.0,0,1400,5,1110
68,68,22250,22.0,30000.0,Diesel,110.0,1.0,0,2000,5,1275
69,69,15950,25.0,29719.0,Petrol,97.0,,0,1400,5,1110
70,70,15950,28.0,29206.0,Petrol,97.0,1.0,0,1400,5,1110
71,71,12995,32.0,29198.0,Petrol,97.0,1.0,0,1400,5,1060
72,72,18950,28.0,28817.0,Petrol,110.0,1.0,0,1598,5,1130
73,73,15750,23.0,28227.0,Petrol,97.0,1.0,0,1400,5,1110
74,74,19950,28.0,28000.0,Petrol,110.0,0.0,0,1600,5,1130
75,75,16950,23.0,28000.0,Petrol,110.0,1.0,0,1600,5,1115
76,76,18750,31.0,25266.0,Petrol,110.0,1.0,0,1600,5,1130
77,77,18450,27.0,23489.0,Petrol,110.0,0.0,0,1600,5,1115
78,78,16895,29.0,22575.0,Petrol,110.0,1.0,0,1600,5,1115
79,79,14900,30.0,22000.0,Petrol,97.0,1.0,0,1400,5,1110
80,80,18950,25.0,20019.0,Petrol,110.0,1.0,1,1600,5,1180
81,81,17250,29.0,20000.0,Petrol,110.0,1.0,0,1600,5,1115
82,82,15450,25.0,17003.0,Petrol,97.0,1.0,0,1400,5,1110
83,83,17950,,16238.0,Petrol,110.0,1.0,1,1600,5,1180
84,84,16650,25.0,15414.0,Petrol,97.0,1.0,0,1400,5,1110
85,85,17450,28.0,8537.0,Petrol,110.0,1.0,0,1600,5,1130
86,86,14900,30.0,7000.0,,97.0,1.0,0,1400,5,1100
87,87,17950,20.0,66966.0,Diesel,90.0,1.0,0,2000,3,1245
88,88,15950,19.0,51884.0,Petrol,97.0,1.0,0,1400,3,1100
89,89,21950,19.0,50005.0,Diesel,110.0,1.0,0,2000,3,1265
90,90,16450,20.0,48110.0,Petrol,97.0,,0,1400,3,1100
91,91,22250,20.0,,Diesel,90.0,1.0,0,2000,3,1260
92,92,19950,,34472.0,Diesel,90.0,1.0,0,1995,3,1260
93,93,15950,20.0,33329.0,Petrol,97.0,1.0,0,1400,3,1100
94,94,18900,20.0,31850.0,Petrol,110.0,0.0,0,1600,3,1120
95,95,19950,17.0,30351.0,Diesel,90.0,1.0,0,1995,3,1260
96,96,15950,19.0,29435.0,Petrol,97.0,1.0,0,1400,3,1100
97,97,15950,19.0,25948.0,Petrol,97.0,1.0,0,1400,3,1100
98,98,18750,11.0,24500.0,Petrol,110.0,,0,1600,3,1120
99,99,17450,18.0,23902.0,Petrol,97.0,1.0,0,1400,3,1100
100,100,18990,20.0,23175.0,Petrol,110.0,1.0,0,1600,3,1120
101,101,16250,19.0,19200.0,Petrol,97.0,1.0,0,1400,3,1100
102,102,18500,13.0,18000.0,Petrol,71.0,0.0,0,1400,3,1125
103,103,18500,11.0,16123.0,Petrol,110.0,1.0,0,1600,3,1105
104,104,19450,11.0,14635.0,Petrol,110.0,1.0,1,1600,3,1155
105,105,16950,,13748.0,Petrol,97.0,1.0,0,1400,3,1100
106,106,18800,14.0,11500.0,Petrol,110.0,1.0,0,1600,3,1045
107,107,17450,17.0,10000.0,,97.0,1.0,0,1400,3,1100
108,108,17950,20.0,7187.0,Petrol,110.0,1.0,0,1600,3,1105
109,109,32500,,1.0,,116.0,0.0,0,2000,5,1480
110,110,31000,4.0,4000.0,Diesel,116.0,1.0,0,2000,5,1480
111,111,31275,4.0,1500.0,Diesel,116.0,1.0,0,2000,5,1480
112,112,24950,8.0,,Diesel,116.0,1.0,0,2000,5,1320
113,113,24950,8.0,13253.0,Diesel,116.0,1.0,0,2000,5,1320
114,114,22950,7.0,10000.0,Diesel,116.0,1.0,0,2000,5,1270
115,115,24990,8.0,6000.0,Diesel,90.0,1.0,0,2000,5,1280
116,116,21950,8.0,10841.0,,90.0,1.0,0,2000,5,1270
117,117,17900,,1.0,Petrol,110.0,1.0,0,1600,3,1105
118,118,19250,20.0,63000.0,Diesel,90.0,1.0,0,2000,5,1255
119,119,22250,,57313.0,,110.0,1.0,0,2000,5,1275
120,120,18950,13.0,57037.0,Petrol,110.0,0.0,0,1600,5,1115
121,121,19950,19.0,51099.0,,90.0,1.0,0,2000,5,1255
122,122,16350,14.0,40010.0,Petrol,110.0,1.0,0,1600,5,1115
123,123,18950,20.0,39115.0,Petrol,110.0,1.0,0,1600,5,1130
124,124,16950,17.0,36012.0,,110.0,0.0,0,1600,5,1130
125,125,21750,16.0,,Petrol,110.0,1.0,0,1600,5,1130
126,126,15950,20.0,36000.0,Petrol,110.0,1.0,0,1600,5,1075
127,127,16500,20.0,35000.0,Petrol,97.0,1.0,0,1400,5,1110
128,128,17950,17.0,33740.0,Petrol,97.0,1.0,0,1400,5,1135
129,129,15850,13.0,33477.0,Petrol,110.0,1.0,0,1600,5,1075
130,130,16250,20.0,32627.0,Petrol,97.0,1.0,0,1400,5,1110
131,131,15950,20.0,,Petrol,97.0,1.0,0,1400,5,1110
132,132,16250,19.0,29441.0,Petrol,97.0,1.0,0,1400,5,1110
133,133,15950,13.0,29371.0,Petrol,110.0,1.0,0,1600,4,1105
134,134,16500,20.0,29000.0,Petrol,97.0,0.0,0,1400,5,1110
135,135,16500,19.0,27821.0,Petrol,97.0,0.0,0,1400,5,1110
136,136,18450,19.0,27371.0,Petrol,97.0,0.0,0,1400,5,1135
137,137,16250,13.0,25170.0,Petrol,110.0,1.0,0,1600,5,1105
138,138,23000,11.0,25000.0,Diesel,116.0,1.0,0,2000,5,1320
139,139,19900,20.0,23000.0,Petrol,110.0,1.0,0,1600,5,1130
140,140,16450,20.0,22588.0,Petrol,97.0,1.0,0,1400,5,1110
141,141,23950,19.0,21684.0,Petrol,192.0,1.0,0,1800,5,1185
142,142,19950,13.0,21428.0,Petrol,110.0,1.0,0,1600,5,1130
143,143,18500,16.0,20629.0,Petrol,110.0,1.0,0,1600,4,1090
144,144,18950,15.0,20270.0,Petrol,110.0,,0,1600,5,1130
145,145,16450,16.0,20105.0,Petrol,97.0,0.0,0,1400,5,1110
146,146,20500,20.0,20000.0,Petrol,110.0,0.0,1,1600,5,1165
147,147,24500,13.0,19988.0,Petrol,110.0,1.0,0,1600,5,1130
148,148,19450,19.0,18328.0,Petrol,110.0,0.0,0,1600,5,1130
149,149,20950,14.0,17896.0,Petrol,110.0,1.0,1,1600,4,1150
150,150,17200,20.0,17300.0,Petrol,97.0,1.0,0,1400,5,1110
151,151,19950,19.0,17038.0,Petrol,110.0,0.0,0,1600,5,1130
152,152,18450,10.0,13747.0,Petrol,97.0,1.0,0,1400,5,1110
153,153,19500,12.0,13634.0,Petrol,110.0,1.0,0,1600,5,1115
154,154,21750,13.0,13178.0,Petrol,110.0,1.0,0,1600,5,1130
155,155,16868,15.0,13157.0,,97.0,1.0,0,1400,4,1085
156,156,19500,16.0,13000.0,,110.0,1.0,0,1600,4,1105
157,157,18900,11.0,12500.0,Petrol,110.0,1.0,0,1600,5,1115
158,158,19750,17.0,11999.0,Petrol,110.0,1.0,0,1600,5,1130
159,159,19750,16.0,11754.0,Petrol,110.0,0.0,1,1600,5,1180
160,160,18950,16.0,11000.0,,110.0,,0,1600,4,1105
161,161,20750,17.0,10000.0,Petrol,110.0,0.0,0,1598,5,1105
162,162,19600,9.0,7650.0,Petrol,110.0,1.0,0,1600,5,1115
163,163,19500,14.0,6500.0,,110.0,,0,1600,4,1100
164,164,17650,11.0,6155.0,Petrol,97.0,1.0,0,1400,5,1110
165,165,19950,14.0,6000.0,Petrol,110.0,0.0,0,1600,5,1130
166,166,19950,14.0,5459.0,Petrol,110.0,1.0,0,1600,5,1130
167,167,20950,14.0,5278.0,Petrol,110.0,1.0,1,1600,four,1150
168,168,20500,12.0,5000.0,Petrol,110.0,1.0,0,1600,5,1130
169,169,17795,9.0,1.0,Petrol,98.0,1.0,0,1400,4,1065
170,170,18245,9.0,1.0,Petrol,110.0,1.0,0,1600,5,1075
171,171,23750,8.0,11000.0,Petrol,110.0,1.0,0,1600,5,1130
172,172,19500,8.0,10077.0,Petrol,97.0,1.0,0,1400,5,1110
173,173,18950,8.0,10000.0,Petrol,97.0,1.0,0,1400,5,1110
174,174,21950,8.0,9788.0,Petrol,110.0,1.0,0,1600,5,1130
175,175,19950,8.0,8574.0,Petrol,110.0,1.0,0,1600,5,1130
176,176,18950,8.0,7000.0,Petrol,110.0,0.0,0,1600,5,1115
177,177,19950,7.0,6250.0,Petrol,110.0,1.0,0,1600,5,1115
178,178,21950,8.0,5000.0,Petrol,110.0,1.0,0,1600,5,1130
179,179,22500,6.0,3000.0,Petrol,110.0,0.0,0,1600,5,1130
180,180,18500,7.0,2000.0,Petrol,110.0,0.0,0,1600,5,1075
181,181,18700,7.0,450.0,Petrol,97.0,1.0,0,1400,5,1110
182,182,21125,2.0,225.0,Petrol,97.0,1.0,0,1400,5,1110
183,183,21500,,15.0,Petrol,110.0,1.0,0,1600,5,1130
184,184,17795,1.0,1.0,Petrol,98.0,1.0,0,1400,4,1100
185,185,18245,1.0,1.0,Petrol,110.0,1.0,0,1600,5,1075
186,186,6950,43.0,243000.0,Diesel,69.0,0.0,0,1900,3,1110
187,187,9500,38.0,180638.0,Diesel,90.0,0.0,0,2000,4,1160
188,188,11950,40.0,179860.0,Diesel,90.0,1.0,0,2000,5,1205
189,189,7750,43.0,178858.0,CNG,110.0,0.0,0,1600,3,1084
190,190,11950,40.0,161000.0,Diesel,69.0,1.0,0,1900,3,1105
191,191,4350,44.0,158320.0,Diesel,69.0,0.0,0,1800,5,1110
192,192,4750,44.0,131273.0,Diesel,69.0,1.0,0,1800,5,1110
193,193,11750,40.0,130062.0,Diesel,69.0,1.0,0,1900,5,1140
194,194,13250,41.0,123425.0,Diesel,69.0,1.0,0,1900,5,1140
195,195,11950,37.0,118217.0,Petrol,110.0,1.0,0,1600,5,1075
196,196,11900,44.0,110000.0,Diesel,69.0,1.0,0,1900,5,1095
197,197,14750,39.0,108847.0,Diesel,90.0,1.0,0,2000,5,1205
198,198,9950,42.0,105699.0,Petrol,97.0,1.0,0,1400,3,1025
199,199,11950,,98823.0,CNG,110.0,1.0,0,1600,5,1119
200,200,11495,44.0,96829.0,Petrol,110.0,,0,1600,5,1075
201,201,11250,40.0,96518.0,Petrol,97.0,1.0,0,1400,3,1025
202,202,10500,42.0,92204.0,Petrol,110.0,1.0,0,1600,5,1075
203,203,10450,35.0,91456.0,Diesel,69.0,1.0,0,1900,3,1110
204,204,12950,43.0,89968.0,Diesel,69.0,1.0,0,1900,5,1140
205,205,11500,44.0,89757.0,Petrol,110.0,1.0,0,1600,3,1045
206,206,12500,40.0,85389.0,Petrol,110.0,1.0,0,1600,5,1075
207,207,10950,43.0,85017.0,,97.0,0.0,0,1400,5,1060
208,208,11450,41.0,84312.0,Petrol,110.0,0.0,0,1600,5,1080
209,209,11950,37.0,82743.0,CNG,110.0,1.0,0,1600,5,1121
210,210,13250,41.0,81106.0,Diesel,69.0,1.0,0,1900,5,1140
211,211,14750,40.0,80425.0,Diesel,90.0,1.0,0,2000,5,1205
212,212,11790,34.0,78677.0,Petrol,110.0,1.0,1,1600,5,1105
213,213,11450,40.0,78425.0,Petrol,110.0,,0,1600,5,1075
214,214,13500,33.0,78108.0,Diesel,90.0,1.0,0,2000,3,1170
215,215,10950,33.0,77321.0,Petrol,110.0,1.0,0,1600,5,1075
216,216,13500,33.0,75699.0,Diesel,69.0,0.0,0,1900,3,1105
217,217,10950,41.0,75697.0,Petrol,97.0,1.0,0,1400,3,1025
218,218,10950,44.0,74846.0,Petrol,97.0,,0,1400,3,1025
219,219,12950,38.0,74319.0,Petrol,110.0,1.0,0,1600,5,1075
220,220,11950,,74285.0,Petrol,110.0,1.0,0,1600,5,1075
221,221,12450,44.0,74172.0,Petrol,110.0,1.0,0,1600,5,1615
222,222,11950,40.0,73042.0,Petrol,110.0,1.0,0,1598,5,1075
223,223,14950,44.0,71793.0,CNG,110.0,,0,1600,4,1067
224,224,12450,35.0,71200.0,Petrol,110.0,1.0,0,1600,5,1075
225,225,12950,38.0,67805.0,Petrol,110.0,1.0,0,1600,5,1075
226,226,11950,,65988.0,Petrol,110.0,,0,1600,3,1040
227,227,11690,,65345.0,Petrol,97.0,1.0,0,1400,5,1060
228,228,12450,42.0,64564.0,Petrol,110.0,1.0,0,1600,5,1080
229,229,12750,36.0,63459.0,Petrol,97.0,1.0,0,1400,5,1060
230,230,11925,,63451.0,Petrol,97.0,0.0,0,1400,3,1025
231,231,12950,33.0,62000.0,Petrol,110.0,1.0,0,1600,5,1075
232,232,11950,42.0,61300.0,Petrol,97.0,1.0,0,1400,3,1030
233,233,12900,41.0,61200.0,Petrol,110.0,1.0,0,1600,3,1045
234,234,11900,41.0,61000.0,Petrol,110.0,0.0,0,1600,5,1075
235,235,11650,38.0,60829.0,Petrol,110.0,,0,1600,5,1075
236,236,10950,44.0,60500.0,Petrol,110.0,0.0,0,1600,5,1075
237,237,13950,35.0,59500.0,Diesel,69.0,,0,1900,3,1110
238,238,13950,44.0,59000.0,Petrol,110.0,0.0,1,1600,5,1110
239,239,11950,40.0,58954.0,Petrol,110.0,1.0,0,1600,5,1080
240,240,10950,38.0,58798.0,Petrol,110.0,1.0,0,1600,5,1075
241,241,12450,38.0,58363.0,Petrol,110.0,1.0,0,1600,3,1055
242,242,11950,43.0,58277.0,Petrol,110.0,,0,1600,3,1045
243,243,13500,33.0,57711.0,Diesel,90.0,1.0,0,2000,3,1165
244,244,11690,33.0,57269.0,Petrol,110.0,1.0,0,1600,5,1075
245,245,13500,39.0,56001.0,Petrol,110.0,1.0,0,1600,5,1075
246,246,11950,42.0,55968.0,Petrol,110.0,,0,1600,3,1050
247,247,12900,,55678.0,Petrol,110.0,1.0,0,1600,4,1030
248,248,13500,43.0,55539.0,Petrol,110.0,1.0,0,1600,5,1085
249,249,11750,42.0,55400.0,Petrol,110.0,0.0,0,1600,5,1075
250,250,11750,33.0,55350.0,Petrol,110.0,0.0,0,1600,5,1075
251,251,10850,43.0,54600.0,Petrol,110.0,0.0,0,1600,4,1030
252,252,11750,43.0,53773.0,Petrol,110.0,1.0,0,1600,5,1075
253,253,14950,42.0,53719.0,Petrol,110.0,1.0,1,1600,5,1105
254,254,9940,39.0,53644.0,Petrol,110.0,1.0,0,1600,5,1075
255,255,12900,42.0,53350.0,Petrol,110.0,0.0,0,1600,5,1075
256,256,13500,38.0,53000.0,Petrol,110.0,1.0,0,1600,5,1075
257,257,11750,44.0,52084.0,Petrol,97.0,1.0,0,1400,3,1025
258,258,11950,44.0,52000.0,Petrol,97.0,0.0,0,1400,3,1025
259,259,13450,33.0,51945.0,Petrol,110.0,1.0,0,1600,5,1075
260,260,11950,41.0,51732.0,Petrol,97.0,1.0,0,1400,3,1025
261,261,12495,39.0,50873.0,Petrol,110.0,,0,1600,5,1075
262,262,13500,41.0,50856.0,Petrol,110.0,0.0,0,1600,4,1030
263,263,12750,40.0,50640.0,Petrol,110.0,1.0,0,1600,5,1075
264,264,12000,39.0,50000.0,Petrol,97.0,1.0,0,1400,5,1060
265,265,11950,38.0,49500.0,Petrol,110.0,1.0,0,1600,5,1075
266,266,12495,44.0,49332.0,Petrol,110.0,1.0,0,1600,5,1080
267,267,12450,34.0,49291.0,Petrol,110.0,1.0,0,1600,3,1040
268,268,14750,40.0,48952.0,Diesel,90.0,1.0,0,2000,5,1205
269,269,10950,39.0,48945.0,Petrol,110.0,0.0,0,1600,3,1040
270,270,13500,33.0,48928.0,Diesel,69.0,,0,1900,3,1105
271,271,12950,38.0,48197.0,Petrol,110.0,1.0,0,1600,5,1075
272,272,13500,35.0,48052.0,Diesel,69.0,,0,1900,3,1105
273,273,13450,,48011.0,Petrol,110.0,1.0,0,1600,4,1030
274,274,13500,43.0,48000.0,Petrol,110.0,1.0,0,1600,5,1075
275,275,11480,41.0,47350.0,Petrol,110.0,1.0,0,1600,5,1075
276,276,13450,39.0,46821.0,Petrol,97.0,1.0,0,1400,5,1060
277,277,11495,39.0,46694.0,Petrol,110.0,0.0,0,1600,3,1040
278,278,12750,43.0,46515.0,Petrol,97.0,0.0,0,1400,5,1025
279,279,14990,38.0,46327.0,Petrol,110.0,1.0,0,1600,3,1055
280,280,12950,35.0,46304.0,Petrol,97.0,1.0,0,1400,5,1060
281,281,12950,40.0,45886.0,Petrol,110.0,1.0,0,1600,5,1080
282,282,12850,39.0,45713.0,Petrol,97.0,1.0,0,1400,5,1085
283,283,13950,40.0,45600.0,Petrol,110.0,1.0,1,1600,5,1105
284,284,11950,41.0,45287.0,Petrol,110.0,1.0,0,1600,5,1075
285,285,12950,39.0,45081.0,Petrol,110.0,1.0,0,1600,5,1075
286,286,11700,40.0,44830.0,Petrol,110.0,,0,1600,5,1075
287,287,9950,37.0,44757.0,Petrol,97.0,,0,1400,3,1025
288,288,11895,44.0,44218.0,Petrol,97.0,1.0,0,1400,5,1060
289,289,12950,43.0,43632.0,Petrol,110.0,1.0,0,1600,5,1075
290,290,12500,36.0,43427.0,Petrol,110.0,1.0,0,1600,3,1040
291,291,13875,39.0,43254.0,Petrol,110.0,1.0,0,1600,5,1075
292,292,10500,35.0,43000.0,Petrol,110.0,0.0,0,1600,3,1050
293,293,12295,33.0,42823.0,Petrol,110.0,1.0,0,1600,5,1075
294,294,13950,42.0,42560.0,Petrol,110.0,1.0,0,1600,5,1080
295,295,10950,38.0,41754.0,Petrol,110.0,0.0,0,1600,3,1040
296,296,12950,44.0,41499.0,CNG,110.0,1.0,0,1600,5,1103
297,297,12850,40.0,41339.0,Petrol,110.0,1.0,0,1600,5,1080
298,298,13995,35.0,41000.0,Petrol,110.0,1.0,0,1600,5,1075
299,299,13750,39.0,40000.0,Petrol,110.0,1.0,0,1600,3,1055
300,300,12750,37.0,39757.0,Petrol,110.0,1.0,0,1600,5,1075
301,301,12500,41.0,39659.0,Petrol,110.0,,0,1600,3,1045
302,302,13950,43.0,39650.0,Petrol,110.0,0.0,0,1600,3,1055
303,303,11500,39.0,39524.0,Petrol,97.0,,0,1398,3,1025
304,304,13950,44.0,39516.0,Petrol,97.0,1.0,0,1400,5,1060
305,305,11895,41.0,39439.0,Petrol,97.0,0.0,0,1400,5,1060
306,306,9950,44.0,39000.0,Petrol,97.0,1.0,0,1400,3,1025
307,307,13500,42.0,38932.0,Petrol,110.0,1.0,0,1600,3,1040
308,308,11450,37.0,38812.0,Petrol,97.0,,0,1400,3,1025
309,309,12450,42.0,38665.0,Petrol,110.0,1.0,0,1600,5,1075
310,310,12950,40.0,38653.0,Petrol,110.0,1.0,0,1600,5,1080
311,311,13995,44.0,38461.0,Petrol,110.0,,0,1600,5,1080
312,312,11750,42.0,38078.0,Petrol,97.0,0.0,0,1400,3,1025
313,313,11650,39.0,37782.0,Petrol,97.0,1.0,0,1400,5,1060
314,314,9950,43.0,37576.0,Petrol,97.0,0.0,0,1400,3,1030
315,315,13950,41.0,37533.0,Petrol,110.0,1.0,0,1600,5,1075
316,316,12950,44.0,37389.0,Petrol,110.0,1.0,0,1600,5,1080
317,317,10950,38.0,37320.0,Petrol,97.0,1.0,0,1400,3,1025
318,318,9900,42.0,37000.0,Petrol,97.0,1.0,0,1400,3,1025
319,319,11950,44.0,37000.0,Petrol,110.0,0.0,0,1600,4,1075
320,320,11990,40.0,36566.0,Petrol,110.0,0.0,0,1600,5,1090
321,321,10750,36.0,36269.0,,110.0,1.0,0,1600,5,1075
322,322,13950,37.0,36074.0,Petrol,110.0,1.0,1,1600,5,1075
323,323,11250,44.0,36066.0,Petrol,110.0,1.0,0,1600,3,1040
324,324,12950,39.0,34599.0,Petrol,110.0,1.0,0,1600,five,1075
325,325,11950,41.0,34000.0,Petrol,110.0,1.0,0,1600,5,1075
326,326,10950,42.0,33623.0,Petrol,97.0,1.0,0,1400,3,1025
327,327,12950,33.0,33591.0,Petrol,110.0,1.0,0,1600,5,1075
328,328,12950,35.0,33258.0,Petrol,110.0,,0,1600,5,1075
329,329,11695,43.0,33113.0,,110.0,1.0,0,1600,5,1075
330,330,11000,41.0,33000.0,Petrol,110.0,1.0,1,1600,5,1075
331,331,13950,,32941.0,Petrol,110.0,1.0,0,1600,5,1080
332,332,11950,38.0,32781.0,,110.0,0.0,0,1600,5,1075
333,333,11750,40.0,32532.0,,110.0,1.0,0,1600,3,1040
334,334,12400,34.0,32431.0,,97.0,1.0,0,1400,5,1060
335,335,12500,35.0,32000.0,Petrol,110.0,0.0,0,1600,3,1040
336,336,12900,33.0,31000.0,Petrol,110.0,1.0,0,1600,5,1075
337,337,12200,41.0,30989.0,Petrol,110.0,0.0,0,1600,3,1045
338,338,12750,43.0,30742.0,Petrol,110.0,1.0,0,1600,3,1040
339,339,11950,42.0,30190.0,Petrol,110.0,1.0,0,1600,5,1075
340,340,11900,41.0,29716.0,Petrol,116.0,1.0,0,1600,5,1075
341,341,11950,44.0,29716.0,,110.0,1.0,1,1600,3,1070
342,342,14950,42.0,29640.0,Petrol,110.0,,0,1600,3,1055
343,343,11950,41.0,29056.0,Petrol,97.0,1.0,0,1400,5,1060
344,344,12950,33.0,28715.0,Petrol,110.0,1.0,0,1600,5,1075
345,345,14950,41.0,28571.0,Petrol,110.0,0.0,0,1600,5,1090
346,346,13450,40.0,28362.0,Petrol,110.0,1.0,0,1600,3,1040
347,347,13750,38.0,28150.0,Petrol,110.0,,0,1600,5,1075
348,348,12950,43.0,27301.0,,110.0,1.0,0,1600,3,1040
349,349,12750,33.0,27240.0,Petrol,110.0,1.0,0,1600,5,1075
350,350,11895,39.0,27170.0,Petrol,97.0,1.0,0,1400,5,1060
351,351,9950,42.0,27141.0,Petrol,97.0,1.0,0,1400,5,1060
352,352,12450,38.0,26262.0,Petrol,110.0,1.0,0,1600,5,1075
353,353,12500,38.0,26000.0,Petrol,97.0,1.0,0,1400,5,1060
354,354,14950,43.0,25228.0,Petrol,110.0,1.0,0,1600,3,1045
355,355,13750,39.0,25062.0,Petrol,110.0,,0,1600,5,1080
356,356,12695,39.0,24723.0,Petrol,110.0,1.0,1,1600,4,1060
357,357,14990,,24650.0,Petrol,110.0,1.0,0,1600,3,1055
358,358,12750,43.0,24553.0,Petrol,110.0,1.0,0,1600,5,1080
359,359,14350,41.0,24475.0,Petrol,110.0,,0,1600,5,1030
360,360,12950,39.0,24444.0,Petrol,110.0,,0,1600,3,1040
361,361,11500,35.0,24011.0,Petrol,97.0,0.0,0,1400,3,1025
362,362,11950,41.0,24000.0,Petrol,97.0,1.0,0,1400,3,1025
363,363,13450,40.0,23616.0,Petrol,110.0,1.0,0,1600,5,1075
364,364,12900,38.0,22865.0,Petrol,110.0,1.0,0,1600,5,1075
365,365,10500,41.0,22780.0,Petrol,86.0,,0,1300,5,1035
366,366,10950,35.0,21904.0,Petrol,97.0,0.0,0,1400,3,1025
367,367,11950,41.0,21651.0,Petrol,97.0,0.0,0,1400,3,1025
368,368,11450,37.0,21500.0,Petrol,110.0,1.0,0,1600,5,1030
369,369,13250,44.0,21027.0,Petrol,110.0,1.0,0,1600,5,1080
370,370,10250,39.0,18500.0,Petrol,110.0,0.0,0,1600,4,1030
371,371,13995,35.0,18000.0,Petrol,110.0,1.0,0,1600,5,1075
372,372,11950,40.0,17051.0,,97.0,0.0,0,1400,5,1060
373,373,13250,33.0,16512.0,Petrol,97.0,1.0,0,1400,5,1085
374,374,12950,40.0,16325.0,Petrol,110.0,1.0,0,1600,5,1080
375,375,11750,38.0,16000.0,Petrol,97.0,1.0,0,1400,5,1060
376,376,11500,39.0,12000.0,Petrol,110.0,1.0,0,1600,5,1075
377,377,13500,43.0,10000.0,Petrol,97.0,1.0,0,1400,5,1060
378,378,6500,53.0,216000.0,Diesel,69.0,0.0,0,1900,3,1110
379,379,6400,51.0,198167.0,Diesel,69.0,0.0,0,1900,4,1095
380,380,7000,53.0,176000.0,Diesel,69.0,0.0,0,1900,3,1105
381,381,7750,54.0,174139.0,Diesel,72.0,1.0,0,2000,4,1100
382,382,8900,45.0,174000.0,Diesel,69.0,,0,1900,5,1095
383,383,8500,55.0,150000.0,CNG,110.0,1.0,0,1600,3,1075
384,384,8950,54.0,149329.0,Diesel,72.0,1.0,0,2000,5,1135
385,385,9900,51.0,146736.0,Petrol,110.0,1.0,0,1600,5,1080
386,386,10250,53.0,143513.0,Diesel,69.0,0.0,0,1900,5,1140
387,387,9250,48.0,142130.0,CNG,110.0,0.0,0,1600,5,1119
388,388,7750,48.0,140700.0,Diesel,69.0,1.0,0,1900,5,1110
389,389,9450,,138394.0,Diesel,69.0,1.0,0,1900,4,1095
390,390,7750,55.0,137000.0,Diesel,72.0,,0,2000,5,1135
391,391,8250,52.0,135258.0,Diesel,69.0,1.0,0,1900,5,1140
392,392,9950,49.0,131364.0,Petrol,110.0,1.0,0,1600,5,1075
393,393,4450,56.0,129155.0,Diesel,69.0,0.0,0,1800,5,1110
394,394,9950,50.0,126110.0,Petrol,110.0,0.0,0,1600,3,1055
395,395,9000,48.0,119742.0,,110.0,1.0,0,1600,5,1080
396,396,9950,53.0,117913.0,Diesel,69.0,1.0,0,1900,5,1110
397,397,12450,47.0,117430.0,Diesel,90.0,,0,2000,3,1165
398,398,10500,55.0,,Petrol,110.0,1.0,0,1600,4,1035
399,399,10750,54.0,115558.0,Petrol,110.0,1.0,0,1600,4,1035
400,400,8950,53.0,115113.0,Petrol,97.0,1.0,0,1400,3,1025
401,401,10500,54.0,115046.0,Diesel,69.0,1.0,0,1900,5,1140
402,402,5150,56.0,113997.0,Diesel,72.0,1.0,0,2000,5,1135
403,403,10950,49.0,107859.0,Petrol,97.0,0.0,0,1400,5,1060
404,404,9450,,104805.0,Petrol,97.0,1.0,0,1400,3,1025
405,405,9950,54.0,103454.0,Petrol,110.0,1.0,0,1600,5,1075
406,406,10950,51.0,103018.0,,69.0,0.0,0,1900,5,1140
407,407,11900,47.0,102352.0,,110.0,1.0,0,1600,5,1080
408,408,9950,50.0,102030.0,Petrol,97.0,1.0,0,1400,5,1060
409,409,11950,54.0,101352.0,Petrol,110.0,0.0,0,1600,5,1080
410,410,7900,50.0,99865.0,Petrol,110.0,1.0,0,1600,4,1035
411,411,10950,52.0,99323.0,Petrol,110.0,,0,1600,3,1055
412,412,8950,48.0,98100.0,,69.0,1.0,0,1900,5,1140
413,413,11950,51.0,98040.0,Petrol,110.0,0.0,0,1600,5,1080
414,414,10900,49.0,97600.0,Petrol,110.0,1.0,0,1600,3,1045
415,415,9950,55.0,97234.0,Petrol,110.0,0.0,0,1600,5,1080
416,416,9950,51.0,96135.0,Diesel,72.0,0.0,0,2000,3,1115
417,417,10950,54.0,96100.0,Petrol,110.0,1.0,0,1600,5,1080
418,418,8950,55.0,94401.0,Diesel,72.0,0.0,0,2000,3,1115
419,419,8950,55.0,94122.0,Petrol,86.0,1.0,0,1300,3,1015
420,420,10500,49.0,91340.0,,110.0,1.0,0,1600,3,1055
421,421,8950,53.0,90200.0,Petrol,97.0,0.0,0,1400,3,1025
422,422,9250,53.0,90097.0,Diesel,69.0,1.0,0,1900,5,1140
423,423,11500,48.0,89049.0,Petrol,97.0,1.0,0,1400,5,1060
424,424,9750,52.0,89000.0,Petrol,110.0,0.0,0,1600,5,1075
425,425,9950,45.0,87274.0,Petrol,110.0,1.0,0,1600,3,1040
426,426,11450,49.0,86221.0,Petrol,110.0,0.0,0,1600,3,1045
427,427,12500,54.0,84598.0,Petrol,110.0,0.0,0,1600,5,1075
428,428,10500,50.0,83567.0,Petrol,110.0,0.0,0,1600,5,1075
429,429,12950,50.0,83106.0,,110.0,1.0,0,1600,5,1075
430,430,12200,50.0,82805.0,Petrol,110.0,1.0,0,1600,3,1040
431,431,10950,50.0,82735.0,Petrol,97.0,1.0,0,1400,3,1030
432,432,10950,54.0,81905.0,Petrol,110.0,1.0,0,1600,5,1105
433,433,11290,49.0,80320.0,Petrol,110.0,1.0,1,1600,3,1070
434,434,10750,49.0,80090.0,Petrol,97.0,1.0,0,1400,3,1030
435,435,10895,53.0,79800.0,Petrol,110.0,0.0,0,1600,5,1075
436,436,11500,47.0,78785.0,CNG,110.0,1.0,0,1600,5,1119
437,437,9750,48.0,78600.0,Petrol,110.0,1.0,0,1600,5,1075
438,438,10250,55.0,77780.0,Petrol,110.0,,0,1600,3,1040
439,439,12500,49.0,77648.0,Petrol,110.0,0.0,0,1600,4,1030
440,440,11950,54.0,77270.0,,110.0,1.0,0,1600,4,1035
441,441,10750,50.0,76167.0,Petrol,97.0,1.0,0,1400,5,1060
442,442,11450,46.0,75249.0,Petrol,110.0,1.0,0,1600,4,1035
443,443,11950,54.0,75231.0,Petrol,110.0,1.0,0,1600,5,1080
444,444,11750,48.0,75045.0,Petrol,110.0,1.0,0,1600,3,1055
445,445,10950,50.0,74849.0,Petrol,110.0,1.0,1,1600,4,1060
446,446,11950,55.0,74715.0,Petrol,110.0,1.0,0,1600,5,1080
447,447,10995,49.0,74656.0,Diesel,69.0,0.0,0,1900,3,1105
448,448,11450,56.0,74500.0,Petrol,97.0,0.0,0,1400,3,1025
449,449,8900,49.0,74494.0,Petrol,110.0,1.0,0,1600,5,1075
450,450,10500,50.0,73634.0,Petrol,110.0,0.0,0,1587,5,1075
451,451,11750,47.0,73403.0,Petrol,110.0,1.0,0,1600,5,1075
452,452,11450,49.0,73175.0,Petrol,97.0,1.0,0,1400,3,1030
453,453,12000,,73000.0,Petrol,110.0,0.0,0,1600,3,1055
454,454,11950,50.0,72242.0,Petrol,110.0,,1,1600,3,1070
455,455,9850,53.0,72000.0,Petrol,97.0,1.0,0,1400,3,1025
456,456,10950,,71725.0,Petrol,110.0,1.0,0,1600,4,1035
457,457,10950,,71276.0,Petrol,110.0,0.0,0,1600,5,1080
458,458,8695,,70440.0,Diesel,69.0,1.0,0,1900,3,1105
459,459,10990,53.0,70239.0,Petrol,110.0,0.0,0,1600,3,1040
460,460,9500,55.0,69813.0,Petrol,97.0,1.0,0,1400,3,1025
461,461,11950,49.0,69659.0,Petrol,86.0,0.0,0,1300,3,1025
462,462,10750,46.0,69574.0,Petrol,97.0,0.0,0,1400,5,1065
463,463,8750,47.0,69000.0,Diesel,69.0,1.0,0,1900,5,1140
464,464,8750,49.0,68565.0,Petrol,110.0,,0,1600,4,1030
465,465,11450,,68520.0,Diesel,72.0,1.0,0,2000,3,1115
466,466,9950,46.0,68414.0,Petrol,97.0,0.0,0,1400,3,1025
467,467,11950,56.0,66777.0,Petrol,110.0,0.0,0,1600,5,1090
468,468,13950,52.0,66527.0,Petrol,110.0,1.0,0,1600,5,1080
469,469,11250,54.0,66063.0,Petrol,110.0,1.0,0,1600,5,1090
470,470,10900,50.0,65471.0,Petrol,97.0,1.0,0,1400,5,1060
471,471,9750,56.0,65400.0,Petrol,97.0,1.0,0,1400,3,1025
472,472,9950,52.0,65170.0,Petrol,97.0,1.0,0,1400,3,1025
473,473,11950,56.0,65000.0,Petrol,110.0,1.0,0,1600,5,1075
474,474,10450,48.0,64193.0,Petrol,110.0,,0,1600,3,1040
475,475,8950,54.0,64000.0,Petrol,97.0,1.0,0,1400,3,1025
476,476,10250,54.0,63792.0,Petrol,110.0,1.0,0,1600,5,1075
477,477,9930,53.0,63635.0,Petrol,110.0,1.0,0,1600,4,1035
478,478,10500,54.0,63135.0,Petrol,110.0,1.0,0,1600,3,1050
479,479,11950,54.0,63123.0,Petrol,110.0,1.0,0,1600,4,1035
480,480,11500,,63000.0,Diesel,69.0,1.0,0,1900,5,1140
481,481,11500,,63000.0,Petrol,110.0,0.0,0,1600,4,1035
482,482,11450,54.0,62987.0,Petrol,110.0,0.0,0,1600,5,1080
483,483,9900,56.0,62751.0,Petrol,110.0,0.0,0,1600,3,1050
484,484,9500,54.0,62519.0,Petrol,97.0,0.0,0,1400,3,1025
485,485,10500,50.0,62280.0,Petrol,97.0,,0,1400,5,1060
486,486,10750,50.0,61672.0,Petrol,110.0,,0,1600,5,1075
487,487,8950,54.0,61000.0,Diesel,69.0,0.0,0,2000,5,1140
488,488,12000,56.0,61000.0,Petrol,110.0,1.0,0,1600,3,1050
489,489,9940,53.0,60558.0,Petrol,110.0,1.0,0,1600,4,1105
490,490,10950,47.0,60348.0,Petrol,110.0,0.0,0,1600,4,1030
491,491,10750,54.0,,Petrol,110.0,1.0,0,1600,5,1075
492,492,9799,51.0,59000.0,Petrol,97.0,1.0,0,1400,3,1025
493,493,11750,51.0,58761.0,Petrol,97.0,0.0,0,1300,5,1060
494,494,11950,54.0,58745.0,,110.0,1.0,0,1600,4,1035
495,495,11250,52.0,58596.0,Petrol,110.0,1.0,0,1600,3,1045
496,496,11750,54.0,58530.0,Petrol,110.0,0.0,0,1600,5,1075
497,497,10950,55.0,58377.0,Petrol,110.0,1.0,0,1600,3,1050
498,498,11250,56.0,58142.0,Petrol,110.0,1.0,0,1600,5,1080
499,499,9950,53.0,57948.0,Petrol,97.0,1.0,0,1400,3,1025
500,500,9700,51.0,57645.0,Petrol,110.0,0.0,0,1600,5,1080
501,501,11950,47.0,57500.0,Petrol,110.0,1.0,0,1600,4,1105
502,502,9900,53.0,57475.0,Petrol,110.0,0.0,0,1600,3,1040
503,503,9990,,56743.0,Petrol,110.0,0.0,0,1600,3,1045
504,504,9475,48.0,56675.0,Petrol,97.0,1.0,0,1400,3,1025
505,505,11500,54.0,55877.0,Petrol,110.0,1.0,0,1600,5,1075
506,506,11950,53.0,55500.0,Petrol,110.0,1.0,0,1600,4,1035
507,507,11500,55.0,54900.0,Petrol,97.0,1.0,0,1400,5,1060
508,508,10500,50.0,54465.0,Petrol,110.0,0.0,0,1600,5,1075
509,509,10900,46.0,53700.0,Petrol,97.0,1.0,0,1400,5,1060
510,510,11700,52.0,53561.0,Petrol,97.0,1.0,0,1400,5,1060
511,511,11900,51.0,53408.0,Petrol,110.0,1.0,0,1600,5,1080
512,512,13950,51.0,53268.0,Petrol,110.0,,0,1600,5,1080
513,513,10950,49.0,53116.0,Petrol,97.0,1.0,0,1400,3,1025
514,514,10500,56.0,52448.0,Petrol,97.0,0.0,0,1400,3,1025
515,515,10750,55.0,52149.0,Petrol,97.0,1.0,0,1400,3,1085
516,516,11950,55.0,52141.0,Petrol,110.0,1.0,0,1600,5,1070
517,517,10000,56.0,52000.0,Petrol,97.0,0.0,0,1400,3,1025
518,518,10495,48.0,50967.0,Petrol,97.0,1.0,0,1400,5,1060
519,519,11450,50.0,50400.0,Petrol,110.0,0.0,0,1600,5,1080
520,520,9400,54.0,50000.0,Petrol,97.0,1.0,0,1400,3,1025
521,521,11950,51.0,50000.0,Petrol,86.0,1.0,0,1300,5,1045
522,522,9650,53.0,49969.0,Petrol,110.0,0.0,0,1600,5,1075
523,523,18950,49.0,49568.0,Petrol,110.0,1.0,0,1600,3,1105
524,524,11450,51.0,49473.0,Petrol,110.0,0.0,0,1600,3,1055
525,525,10250,52.0,49432.0,Petrol,110.0,1.0,0,1600,3,1050
526,526,11450,,49417.0,Petrol,110.0,1.0,0,1600,3,1045
527,527,9950,54.0,49366.0,Petrol,97.0,1.0,0,1400,3,1025
528,528,10500,56.0,48731.0,Petrol,110.0,1.0,0,1600,3,1055
529,529,13750,,48370.0,Petrol,110.0,1.0,0,1600,5,1080
530,530,9950,48.0,48071.0,Petrol,97.0,0.0,0,1400,3,1025
531,531,10250,54.0,47852.0,,110.0,1.0,0,1600,4,1030
532,532,10850,54.0,47768.0,Petrol,110.0,,0,1600,3,1055
533,533,11895,52.0,47689.0,Petrol,110.0,0.0,0,1600,5,1075
534,534,12950,53.0,47451.0,Petrol,110.0,1.0,0,1600,3,1055
535,535,11950,50.0,47219.0,Petrol,110.0,1.0,0,1600,5,1080
536,536,10750,56.0,47211.0,Petrol,110.0,1.0,0,1600,5,1070
537,537,9550,54.0,46856.0,Petrol,97.0,0.0,0,1400,5,1060
538,538,10950,56.0,46500.0,Petrol,86.0,0.0,0,1300,5,1035
539,539,11750,,46449.0,Petrol,110.0,1.0,0,1600,4,1035
540,540,10950,47.0,46391.0,Petrol,110.0,0.0,0,1600,5,1075
541,541,12450,54.0,46230.0,Petrol,110.0,1.0,0,1600,3,1055
542,542,10500,52.0,46029.0,Petrol,110.0,1.0,0,1600,4,1030
543,543,10900,50.0,46000.0,Petrol,97.0,0.0,0,1400,3,1025
544,544,12950,50.0,45900.0,Petrol,110.0,1.0,0,1600,5,1075
545,545,10950,47.0,45850.0,Petrol,97.0,0.0,0,1400,5,1060
546,546,12500,56.0,45336.0,Petrol,110.0,1.0,0,1600,5,1080
547,547,9950,55.0,44537.0,,97.0,0.0,0,1400,3,1025
548,548,10750,56.0,43700.0,,86.0,,0,1300,3,1025
549,549,12500,48.0,43120.0,Petrol,97.0,1.0,0,1400,3,1030
550,550,10450,49.0,41710.0,Petrol,110.0,0.0,0,1600,3,1040
551,551,10750,52.0,41700.0,Petrol,97.0,1.0,0,1400,3,1025
552,552,12950,49.0,41636.0,Petrol,110.0,1.0,0,1600,5,1105
553,553,10995,,41273.0,Petrol,97.0,0.0,0,1400,5,1060
554,554,11950,49.0,40836.0,Petrol,110.0,,1,1600,3,1075
555,555,11250,50.0,40400.0,Petrol,97.0,1.0,0,1400,5,1060
556,556,11950,47.0,40361.0,Petrol,110.0,1.0,0,1600,5,1090
557,557,13750,54.0,40325.0,,86.0,0.0,0,1300,5,1045
558,558,11000,47.0,40000.0,Petrol,110.0,0.0,0,1600,5,1080
559,559,13500,50.0,39706.0,Petrol,110.0,1.0,0,1600,5,1080
560,560,10950,54.0,39291.0,Petrol,110.0,1.0,0,1600,3,1040
561,561,10750,54.0,39000.0,Petrol,97.0,0.0,0,1400,3,1025
562,562,8950,47.0,38900.0,Petrol,97.0,1.0,0,1400,3,1025
563,563,12950,51.0,38403.0,Petrol,110.0,0.0,0,1600,3,1055
564,564,9750,56.0,37461.0,Petrol,97.0,0.0,0,1400,3,1025
565,565,10900,54.0,37000.0,,97.0,1.0,0,1400,3,1025
566,566,10995,55.0,36406.0,Petrol,110.0,1.0,0,1600,4,1035
567,567,10750,48.0,36005.0,Petrol,97.0,1.0,0,1400,5,1065
568,568,10950,52.0,36000.0,Petrol,110.0,1.0,0,1600,5,1075
569,569,13000,,36000.0,Petrol,110.0,0.0,0,1600,5,1080
570,570,12950,45.0,36000.0,Petrol,110.0,1.0,1,1600,3,1070
571,571,11500,52.0,35823.0,Petrol,110.0,0.0,0,1600,5,1075
572,572,10950,,35230.0,Petrol,97.0,0.0,0,1400,3,1025
573,573,11710,48.0,35142.0,Petrol,110.0,0.0,0,1600,3,1055
574,574,9980,49.0,34890.0,Petrol,97.0,,0,1400,3,1025
575,575,12250,51.0,34882.0,Petrol,110.0,1.0,0,1600,5,1075
576,576,11500,46.0,34000.0,Petrol,110.0,1.0,0,1600,5,1075
577,577,11950,56.0,33998.0,Petrol,110.0,0.0,0,1600,5,1080
578,578,11500,55.0,33230.0,Petrol,110.0,0.0,0,1600,3,1050
579,579,11900,46.0,33021.0,,110.0,1.0,0,1600,5,1080
580,580,11930,49.0,31999.0,Petrol,97.0,0.0,0,1400,3,1030
581,581,10500,,31579.0,Petrol,97.0,0.0,0,1400,3,1025
582,582,8950,56.0,31000.0,Petrol,97.0,0.0,0,1400,3,1025
583,583,10450,46.0,30806.0,Petrol,97.0,1.0,0,1400,5,1060
584,584,10500,55.0,30461.0,Petrol,86.0,1.0,0,1300,5,1050
585,585,12950,50.0,29686.0,Petrol,110.0,1.0,1,1600,3,1075
586,586,9950,,29650.0,Petrol,86.0,,0,1300,3,1025
587,587,12900,52.0,29500.0,Petrol,110.0,1.0,0,1600,3,1055
588,588,9950,48.0,28656.0,Petrol,97.0,0.0,0,1400,3,1085
589,589,9950,55.0,27500.0,Petrol,97.0,1.0,0,1400,3,1025
590,590,10950,48.0,26938.0,Petrol,110.0,1.0,0,1600,3,1040
591,591,10950,53.0,26624.0,Petrol,97.0,0.0,0,1400,5,1060
592,592,9950,47.0,26221.0,Petrol,97.0,1.0,0,1400,3,1025
593,593,10950,50.0,22648.0,Petrol,97.0,1.0,0,1400,5,1060
594,594,10800,50.0,22500.0,Petrol,97.0,,0,1400,3,1025
595,595,10500,56.0,19313.0,Petrol,97.0,0.0,0,1400,3,1025
596,596,10450,50.0,17619.0,,110.0,,0,1600,4,1030
597,597,10600,51.0,17069.0,Petrol,97.0,,0,1400,3,1025
598,598,10450,48.0,15000.0,Petrol,97.0,1.0,0,1400,3,1025
599,599,12950,50.0,10210.0,Petrol,97.0,0.0,0,1400,5,1065
600,600,11250,47.0,5309.0,Petrol,110.0,,1,1600,3,1070
601,601,7500,50.0,1.0,Diesel,90.0,1.0,0,2000,3,1260
602,602,8950,52.0,31000.0,,97.0,,0,1398,3,1025
603,603,6950,58.0,205000.0,Diesel,72.0,1.0,0,2000,4,1100
604,604,7900,68.0,204250.0,Diesel,72.0,,0,2000,3,1115
605,605,5950,68.0,194545.0,Petrol,86.0,0.0,0,1300,4,1000
606,606,7500,59.0,190900.0,Diesel,72.0,1.0,0,2000,3,1115
607,607,7500,62.0,183500.0,Diesel,72.0,1.0,0,2000,5,1140
608,608,6900,65.0,176184.0,Diesel,72.0,1.0,0,2000,3,1115
609,609,5751,67.0,174833.0,Diesel,72.0,0.0,0,2000,4,1100
610,610,6950,68.0,155720.0,Petrol,86.0,,0,1300,3,1015
611,611,7950,67.0,155500.0,,110.0,1.0,0,1600,5,1050
612,612,7750,59.0,154783.0,Diesel,72.0,1.0,0,2000,3,1120
613,613,7950,64.0,154462.0,Diesel,72.0,1.0,0,2000,5,1135
614,614,8250,64.0,150585.0,Petrol,110.0,1.0,0,1600,3,1065
615,615,6250,67.0,149000.0,Diesel,90.0,1.0,0,2000,5,1135
616,616,9500,62.0,147636.0,,72.0,,0,2000,5,1135
617,617,6900,59.0,144521.0,Diesel,72.0,1.0,0,2000,5,1135
618,618,8450,64.0,144000.0,,110.0,1.0,0,1600,3,1065
619,619,7350,65.0,140168.0,Diesel,72.0,1.0,0,2000,3,1115
620,620,8950,68.0,140000.0,Petrol,110.0,1.0,0,1600,5,1085
621,621,6900,60.0,139800.0,Diesel,72.0,0.0,0,2000,3,1115
622,622,8950,59.0,137050.0,CNG,110.0,1.0,0,1600,3,1078
623,623,8750,61.0,136956.0,Petrol,110.0,0.0,0,1600,3,1065
624,624,7950,67.0,135337.0,CNG,110.0,1.0,0,1600,5,1120
625,625,8950,64.0,133769.0,Diesel,72.0,1.0,0,2000,3,1120
626,626,8950,58.0,133405.0,Diesel,72.0,1.0,0,2000,5,1135
627,627,8950,65.0,132807.0,Diesel,72.0,1.0,0,2000,5,1135
628,628,7950,64.0,132393.0,Diesel,72.0,0.0,0,2000,5,1135
629,629,7750,60.0,130270.0,Petrol,110.0,0.0,0,1600,3,1050
630,630,7500,59.0,130000.0,Diesel,72.0,1.0,0,2000,4,1135
631,631,8950,67.0,127000.0,Diesel,,1.0,0,2000,5,1135
632,632,9800,67.0,126800.0,Diesel,72.0,0.0,0,2000,5,1135
633,633,9450,66.0,126452.0,Petrol,110.0,1.0,0,1600,5,1085
634,634,8950,62.0,125175.0,Diesel,116.0,0.0,0,2000,5,1150
635,635,8750,68.0,125000.0,Diesel,72.0,1.0,0,2000,3,1115
636,636,10500,61.0,123000.0,Diesel,72.0,0.0,0,2000,5,1135
637,637,7995,59.0,121626.0,Petrol,86.0,0.0,0,1300,5,1050
638,638,10450,64.0,120400.0,,,0.0,0,1600,5,1090
639,639,9950,66.0,120000.0,Diesel,72.0,0.0,0,2000,4,1100
640,640,9950,68.0,119541.0,Petrol,110.0,0.0,0,1600,3,1055
641,641,8950,68.0,119500.0,Petrol,110.0,,0,1600,5,1070
642,642,7950,68.0,119289.0,Petrol,110.0,1.0,0,1600,4,1035
643,643,10950,57.0,118833.0,Petrol,110.0,0.0,0,1600,3,1065
644,644,9950,64.0,118000.0,Diesel,72.0,1.0,0,2000,5,1150
645,645,8600,68.0,117955.0,Petrol,110.0,1.0,1,1600,4,1065
646,646,7250,65.0,117609.0,Petrol,86.0,0.0,0,1300,3,1015
647,647,6950,68.0,117000.0,Diesel,72.0,0.0,0,2000,3,1115
648,648,8000,64.0,116000.0,Petrol,86.0,0.0,0,1300,5,1045
649,649,9950,58.0,115715.0,Petrol,110.0,0.0,0,1600,5,1070
650,650,9450,60.0,115191.0,CNG,110.0,,0,1600,4,1079
651,651,7950,68.0,115071.0,Petrol,110.0,1.0,0,1600,3,1055
652,652,9450,63.0,115000.0,CNG,110.0,0.0,0,1600,3,1109
653,653,9950,64.0,114846.0,,110.0,1.0,0,1600,5,1075
654,654,6950,65.0,114383.0,Diesel,90.0,0.0,0,2000,3,1260
655,655,8250,59.0,113700.0,Petrol,110.0,1.0,0,1600,5,1065
656,656,9950,67.0,113118.0,Petrol,86.0,1.0,0,1300,3,1020
657,657,8250,59.0,112827.0,Petrol,86.0,1.0,0,1300,5,1040
658,658,9950,68.0,112116.0,Petrol,110.0,1.0,0,1600,5,1070
659,659,10500,66.0,112000.0,Petrol,110.0,1.0,0,1600,3,1065
660,660,7950,62.0,112000.0,Diesel,72.0,0.0,0,2000,4,1135
661,661,9750,65.0,111769.0,Petrol,110.0,0.0,0,1600,3,1065
662,662,9250,61.0,110853.0,Petrol,110.0,1.0,0,1600,5,1070
663,663,9500,68.0,110287.0,Petrol,110.0,1.0,0,1600,3,1050
664,664,9950,62.0,109547.0,Petrol,110.0,,0,1600,5,1075
665,665,7750,63.0,109230.0,Petrol,110.0,0.0,0,1600,3,1050
666,666,9500,68.0,109150.0,Petrol,110.0,0.0,0,1600,5,1075
667,667,9950,67.0,108793.0,Petrol,110.0,1.0,0,1600,4,1035
668,668,9750,64.0,106784.0,Petrol,110.0,0.0,1,1600,3,1050
669,669,9750,58.0,105942.0,Petrol,86.0,0.0,0,1300,5,1040
670,670,5950,59.0,105000.0,Petrol,86.0,1.0,0,1300,3,1015
671,671,8500,,105000.0,Petrol,86.0,0.0,0,1300,5,1040
672,672,8495,68.0,104299.0,Petrol,110.0,1.0,0,1600,5,1085
673,673,9250,67.0,104000.0,Petrol,86.0,0.0,0,1300,3,1020
674,674,6900,,104000.0,Petrol,86.0,1.0,0,1300,3,1015
675,675,8950,58.0,103458.0,Petrol,86.0,1.0,0,1300,3,1025
676,676,9500,,103400.0,Petrol,110.0,1.0,0,1600,5,1075
677,677,9250,63.0,102807.0,Petrol,86.0,0.0,0,1300,5,1055
678,678,9895,68.0,102494.0,Petrol,110.0,0.0,0,1600,5,1090
679,679,9950,57.0,102300.0,Diesel,72.0,1.0,0,2000,5,1135
680,680,7950,61.0,102106.0,Petrol,110.0,0.0,0,1600,3,1050
681,681,8750,68.0,101889.0,Petrol,110.0,1.0,0,1600,5,1075
682,682,8250,57.0,101791.0,Diesel,72.0,0.0,0,2000,3,1115
683,683,8950,63.0,101469.0,Petrol,110.0,1.0,0,1600,3,1065
684,684,8950,68.0,101001.0,Petrol,110.0,0.0,0,1600,5,1075
685,685,8950,61.0,100748.0,Petrol,110.0,,0,1600,5,1070
686,686,8950,65.0,100550.0,Petrol,110.0,1.0,0,1600,5,1075
687,687,9450,67.0,99781.0,Petrol,110.0,1.0,0,1600,5,1085
688,688,8950,59.0,98658.0,Petrol,86.0,1.0,0,1300,3,1020
689,689,9250,65.0,98500.0,Petrol,110.0,,0,1600,5,1075
690,690,8750,64.0,98291.0,Petrol,86.0,0.0,0,1300,4,1000
691,691,9950,61.0,97648.0,Petrol,110.0,1.0,0,1600,3,1065
692,692,9950,,97425.0,Petrol,110.0,1.0,0,1600,5,1075
693,693,9900,65.0,97173.0,Petrol,86.0,0.0,0,1300,3,1015
694,694,8950,66.0,97046.0,Petrol,86.0,1.0,0,1300,4,1000
695,695,8950,67.0,96000.0,Petrol,110.0,1.0,0,1600,3,1050
696,696,12250,,96000.0,,72.0,,0,2000,4,1100
697,697,9250,67.0,95750.0,Petrol,110.0,1.0,0,1600,5,1070
698,698,10250,61.0,95147.0,,110.0,1.0,0,1600,3,1050
699,699,8950,,95000.0,,110.0,0.0,0,1600,3,1050
700,700,7999,65.0,95000.0,Petrol,110.0,1.0,0,1600,3,1050
701,701,9900,66.0,94606.0,Petrol,110.0,0.0,0,1600,3,1065
702,702,8250,63.0,94504.0,,86.0,1.0,0,1300,4,1000
703,703,10500,65.0,93428.0,Petrol,110.0,1.0,0,1600,5,1075
704,704,8450,65.0,93408.0,,86.0,0.0,0,1300,3,1015
705,705,9900,68.0,93296.0,Petrol,110.0,1.0,0,1600,5,1090
706,706,10500,62.0,93098.0,Petrol,110.0,1.0,0,1600,5,1075
707,707,8500,67.0,92922.0,Diesel,72.0,1.0,0,2000,4,1100
708,708,9500,61.0,92498.0,Petrol,110.0,,0,1600,3,1050
709,709,9450,65.0,92226.0,Petrol,110.0,0.0,0,1600,3,1065
710,710,9900,,91505.0,Diesel,72.0,0.0,0,2000,3,1115
711,711,8250,,91333.0,Petrol,110.0,1.0,0,1600,3,1050
712,712,8750,,91246.0,Petrol,86.0,1.0,0,1300,3,1015
713,713,9500,58.0,91000.0,Petrol,110.0,,0,1600,5,1075
714,714,8450,68.0,90727.0,Petrol,110.0,0.0,0,1600,3,1050
715,715,8490,62.0,90000.0,Petrol,110.0,0.0,0,1600,3,1050
716,716,8750,60.0,89576.0,Petrol,110.0,0.0,0,1600,4,1035
717,717,9750,64.0,89145.0,Petrol,86.0,1.0,0,1300,3,1025
718,718,9950,63.0,89000.0,Petrol,110.0,1.0,0,1600,5,1085
719,719,8500,68.0,88807.0,Petrol,110.0,0.0,0,1600,3,1050
720,720,8450,63.0,88685.0,Petrol,110.0,0.0,0,1600,5,1070
721,721,7900,62.0,88667.0,Petrol,110.0,1.0,0,1600,4,1040
722,722,8750,57.0,88480.0,Petrol,110.0,1.0,0,1600,3,1050
723,723,7950,61.0,88127.0,Petrol,86.0,0.0,0,1300,3,1015
724,724,6900,62.0,88000.0,,86.0,0.0,0,1300,3,1020
725,725,8150,65.0,87821.0,Petrol,86.0,1.0,0,1300,3,1015
726,726,10995,59.0,87654.0,Petrol,86.0,1.0,1,1300,5,1065
727,727,8900,59.0,86888.0,Petrol,110.0,,0,1600,3,1050
728,728,9500,59.0,86871.0,Petrol,86.0,1.0,0,1300,5,1040
729,729,8950,68.0,86714.0,Petrol,110.0,1.0,0,1600,4,1035
730,730,11500,65.0,85889.0,Petrol,110.0,,0,1600,3,1065
731,731,10450,62.0,85000.0,Petrol,110.0,1.0,0,1600,3,1050
732,732,10500,60.0,85000.0,Petrol,86.0,1.0,0,1300,3,1025
733,733,9250,68.0,84976.0,Petrol,110.0,1.0,0,1600,4,1035
734,734,10950,65.0,84558.0,Petrol,110.0,1.0,0,1600,5,1120
735,735,10450,62.0,84549.0,Petrol,110.0,,0,1600,5,1075
736,736,9250,68.0,84482.0,Petrol,110.0,1.0,0,1600,5,1075
737,737,8750,62.0,83908.0,Petrol,110.0,1.0,0,1600,5,1070
738,738,8750,67.0,83560.0,Petrol,86.0,0.0,0,1300,3,1015
739,739,9800,68.0,83000.0,Petrol,107.0,1.0,1,1600,5,1100
740,740,8250,64.0,82723.0,Petrol,86.0,0.0,0,1300,3,1015
741,741,10450,62.0,82421.0,Petrol,110.0,1.0,0,1600,3,1065
742,742,9750,58.0,82254.0,Petrol,110.0,0.0,0,1600,5,1050
743,743,8950,61.0,82115.0,Petrol,110.0,1.0,0,1600,3,1055
744,744,7450,65.0,82000.0,Petrol,86.0,,0,1300,3,1015
745,745,8450,68.0,81965.0,Petrol,86.0,,0,1300,5,1035
746,746,8250,,81250.0,Petrol,110.0,0.0,0,1600,3,1050
747,747,10950,65.0,81192.0,Petrol,110.0,1.0,0,1600,3,1065
748,748,8950,61.0,81170.0,Petrol,110.0,1.0,0,1600,4,1040
749,749,8750,66.0,81083.0,Petrol,86.0,0.0,0,1300,3,1015
750,750,10450,61.0,80714.0,Petrol,110.0,1.0,0,1600,5,1075
751,751,10950,57.0,80470.0,,110.0,0.0,0,1600,5,1085
752,752,8450,65.0,80439.0,Petrol,110.0,1.0,0,1600,4,1035
753,753,9950,59.0,80430.0,Petrol,110.0,1.0,0,1600,3,1065
754,754,9950,,80426.0,Petrol,110.0,1.0,0,1600,3,1055
755,755,8750,62.0,80265.0,,86.0,0.0,0,1300,3,1015
756,756,9950,65.0,80153.0,Petrol,110.0,0.0,0,1600,5,1070
757,757,9500,68.0,80121.0,Petrol,110.0,0.0,0,1600,5,1070
758,758,8250,65.0,80086.0,Petrol,110.0,1.0,0,1600,4,1035
759,759,10950,62.0,80000.0,Petrol,110.0,,0,1600,5,1075
760,760,7950,60.0,80000.0,,86.0,0.0,0,1300,5,1015
761,761,8250,65.0,80000.0,Petrol,86.0,1.0,0,1300,2,1015
762,762,9895,67.0,79858.0,Petrol,110.0,1.0,0,1600,4,1040
763,763,9130,67.0,79762.0,Petrol,86.0,1.0,0,1300,3,1015
764,764,10950,59.0,79660.0,Petrol,86.0,0.0,1,1300,5,1065
765,765,10500,60.0,79150.0,Petrol,110.0,1.0,0,1600,5,1075
766,766,8900,61.0,79000.0,Petrol,110.0,1.0,0,1600,3,1050
767,767,9500,57.0,78955.0,Petrol,86.0,1.0,0,1300,5,1045
768,768,10950,59.0,78750.0,Diesel,90.0,1.0,0,1975,5,1155
769,769,7950,68.0,78521.0,Petrol,86.0,0.0,0,1300,3,1015
770,770,7950,64.0,78356.0,Petrol,86.0,1.0,0,1300,3,1015
771,771,7950,65.0,78076.0,Petrol,86.0,1.0,0,1300,3,1015
772,772,9500,,78063.0,Petrol,107.0,,1,1600,5,1100
773,773,10950,,77821.0,Petrol,110.0,1.0,0,1600,5,1075
774,774,9750,68.0,77695.0,Petrol,110.0,,0,1600,4,1035
775,775,9750,65.0,77500.0,Petrol,110.0,1.0,0,1600,3,1050
776,776,9450,63.0,77457.0,Petrol,110.0,1.0,0,1600,3,1055
777,777,8950,68.0,77029.0,Petrol,86.0,1.0,0,1300,3,1015
778,778,8950,68.0,77008.0,Petrol,86.0,1.0,0,1300,3,1015
779,779,8900,66.0,76791.0,Petrol,110.0,1.0,0,1600,5,1070
780,780,9950,61.0,76700.0,Petrol,86.0,1.0,0,1300,5,1035
781,781,8750,67.0,76569.0,Petrol,86.0,1.0,0,1300,3,1020
782,782,8950,59.0,76162.0,Petrol,110.0,1.0,0,1600,5,1075
783,783,8990,65.0,76155.0,Petrol,110.0,1.0,0,1600,4,1035
784,784,8950,61.0,75609.0,Petrol,86.0,1.0,0,1300,3,1015
785,785,8950,62.0,75569.0,Diesel,72.0,1.0,0,2000,3,1120
786,786,9950,,75429.0,Petrol,110.0,1.0,0,1600,3,1065
787,787,9900,68.0,75000.0,Petrol,110.0,1.0,0,1600,5,1075
788,788,8950,65.0,75000.0,Petrol,86.0,0.0,0,1300,3,1015
789,789,8950,62.0,75000.0,Petrol,110.0,1.0,0,1600,5,1070
790,790,9500,66.0,74963.0,Petrol,107.0,0.0,1,1600,3,1085
791,791,7950,68.0,74889.0,Petrol,86.0,1.0,0,1300,3,1015
792,792,7750,,74875.0,Petrol,110.0,0.0,0,1600,5,1070
793,793,8950,63.0,74747.0,,110.0,1.0,0,1600,5,1075
794,794,11950,60.0,74720.0,Petrol,110.0,,0,1600,5,1085
795,795,8950,62.0,74457.0,Petrol,110.0,0.0,0,1600,5,1075
796,796,11950,60.0,74337.0,Petrol,86.0,0.0,0,1300,5,1035
797,797,8950,68.0,74308.0,Petrol,110.0,0.0,0,1600,3,1050
798,798,9950,64.0,74193.0,Petrol,110.0,,0,1600,3,1050
799,799,8250,65.0,74179.0,Petrol,110.0,1.0,0,1600,3,1050
800,800,8995,67.0,73936.0,Petrol,86.0,1.0,0,1300,5,1050
801,801,9995,61.0,73894.0,Petrol,110.0,1.0,0,1600,3,1065
802,802,9250,64.0,73500.0,Petrol,110.0,1.0,0,1600,3,1050
803,803,10950,64.0,73376.0,Petrol,110.0,0.0,0,1600,5,1070
804,804,8900,,73300.0,Petrol,86.0,1.0,0,1300,3,1015
805,805,9500,,73172.0,Petrol,110.0,1.0,0,1600,5,1075
806,806,9950,58.0,72928.0,Petrol,110.0,1.0,0,1600,5,1075
807,807,7950,67.0,72880.0,Petrol,86.0,1.0,0,1332,3,1015
808,808,8250,63.0,72522.0,Petrol,110.0,1.0,0,1600,3,1050
809,809,9450,64.0,72000.0,Petrol,86.0,1.0,0,1300,3,1015
810,810,7950,57.0,72000.0,Petrol,86.0,0.0,0,1300,3,1015
811,811,9500,59.0,71366.0,Petrol,110.0,0.0,0,1600,3,1065
812,812,8950,65.0,71317.0,Petrol,110.0,,0,1600,3,1050
813,813,10950,62.0,71000.0,Petrol,110.0,0.0,0,1600,5,1070
814,814,8950,60.0,70954.0,Petrol,110.0,0.0,0,1600,3,1050
815,815,9450,63.0,70908.0,Petrol,86.0,0.0,0,1300,5,1035
816,816,8000,58.0,70560.0,Petrol,110.0,1.0,0,1600,3,1050
817,817,9900,67.0,70552.0,Petrol,110.0,0.0,0,1600,5,1075
818,818,8950,62.0,70500.0,Petrol,110.0,1.0,0,1600,5,1035
819,819,10900,60.0,70453.0,Diesel,72.0,0.0,0,2000,5,1135
820,820,9450,59.0,70218.0,Petrol,110.0,1.0,0,1600,3,1050
821,821,8450,64.0,70116.0,Petrol,110.0,1.0,0,1600,4,1035
822,822,9500,65.0,70068.0,Petrol,110.0,1.0,0,1600,5,1075
823,823,10500,67.0,70000.0,Petrol,107.0,1.0,1,1587,3,1065
824,824,6950,68.0,70000.0,Petrol,86.0,1.0,0,1300,3,1015
825,825,9750,68.0,69103.0,Petrol,110.0,0.0,0,1600,4,1035
826,826,6950,58.0,69022.0,Petrol,86.0,1.0,0,1300,5,1035
827,827,9650,67.0,69000.0,Petrol,110.0,1.0,0,1600,3,1065
828,828,9950,68.0,68865.0,Petrol,110.0,1.0,0,1600,3,1065
829,829,9250,58.0,68723.0,Petrol,86.0,0.0,0,1300,3,1025
830,830,8950,63.0,68453.0,,110.0,1.0,0,1600,5,1070
831,831,9900,63.0,68238.0,Petrol,86.0,0.0,0,1300,5,1050
832,832,10995,63.0,68153.0,Petrol,110.0,1.0,0,1600,5,1085
833,833,10500,65.0,68000.0,Petrol,110.0,0.0,0,1600,5,1075
834,834,8950,65.0,68000.0,Petrol,86.0,1.0,0,1300,3,1015
835,835,9750,67.0,67762.0,,110.0,,0,1600,3,1065
836,836,10950,68.0,67146.0,Petrol,110.0,1.0,0,1600,5,1075
837,837,9750,67.0,67110.0,Petrol,86.0,1.0,0,1300,5,1035
838,838,9950,59.0,67010.0,,110.0,1.0,0,1600,3,1065
839,839,10500,65.0,67003.0,Petrol,110.0,1.0,0,1600,4,1035
840,840,10400,68.0,66785.0,Petrol,86.0,0.0,1,1300,3,1045
841,841,8800,68.0,66550.0,Petrol,86.0,0.0,0,1332,3,1010
842,842,10500,61.0,66259.0,Petrol,110.0,1.0,0,1600,3,1065
843,843,9250,62.0,66082.0,Petrol,110.0,,0,1600,5,1070
844,844,7800,65.0,66000.0,Petrol,86.0,1.0,0,1300,3,1015
845,845,9950,61.0,66000.0,Petrol,110.0,0.0,0,1600,3,1050
846,846,10750,63.0,65896.0,Petrol,110.0,1.0,0,1600,3,1065
847,847,10950,67.0,65785.0,Petrol,110.0,,0,1600,5,1075
848,848,9950,65.0,65513.0,Petrol,110.0,,1,1600,4,1070
849,849,9950,59.0,65463.0,,110.0,1.0,0,1600,5,1070
850,850,8100,,65400.0,Petrol,86.0,1.0,0,1300,4,1000
851,851,9250,60.0,65259.0,Petrol,110.0,1.0,0,1600,3,1050
852,852,7800,64.0,65000.0,Petrol,110.0,1.0,0,1600,3,1050
853,853,9000,68.0,65000.0,Petrol,110.0,0.0,0,1600,5,1070
854,854,8950,57.0,65000.0,,110.0,0.0,0,1600,4,1035
855,855,8950,62.0,64966.0,Petrol,86.0,,0,1300,3,1020
856,856,9950,68.0,64950.0,Petrol,110.0,1.0,0,1600,5,1075
857,857,8500,60.0,64914.0,,110.0,,0,1600,5,1070
858,858,7995,62.0,64797.0,Petrol,110.0,1.0,0,1600,5,1075
859,859,8750,65.0,64772.0,Petrol,110.0,1.0,0,1600,3,1050
860,860,9750,63.0,64690.0,Petrol,86.0,0.0,0,1300,3,1020
861,861,10950,65.0,64630.0,Petrol,110.0,0.0,0,1600,5,1070
862,862,9750,67.0,64613.0,Petrol,110.0,1.0,0,1600,5,1085
863,863,8200,60.0,64383.0,Petrol,86.0,,0,1300,3,1015
864,864,8950,68.0,64000.0,Petrol,110.0,,0,1600,5,1075
865,865,9500,66.0,63881.0,Petrol,86.0,0.0,0,1300,3,1015
866,866,10950,58.0,63870.0,Diesel,72.0,0.0,0,2000,5,1135
867,867,9750,66.0,63328.0,Petrol,86.0,0.0,1,1300,5,1065
868,868,9950,65.0,63000.0,Petrol,86.0,1.0,1,1300,5,1065
869,869,10450,,63000.0,Petrol,86.0,0.0,1,1300,3,1050
870,870,9850,65.0,62396.0,Petrol,110.0,0.0,0,1600,3,1050
871,871,9450,62.0,62377.0,Petrol,110.0,1.0,0,1600,5,1075
872,872,10295,67.0,62316.0,Petrol,110.0,1.0,0,1600,3,1050
873,873,9750,68.0,62292.0,Petrol,110.0,1.0,0,1600,3,1065
874,874,8950,65.0,62225.0,Petrol,110.0,1.0,0,1600,3,1050
875,875,9900,68.0,62222.0,Petrol,110.0,0.0,0,1600,5,1075
876,876,8750,66.0,62135.0,Petrol,86.0,,0,1300,5,1035
877,877,9950,58.0,62024.0,Petrol,110.0,1.0,0,1600,5,1075
878,878,8500,60.0,61977.0,Petrol,86.0,1.0,0,1300,3,1015
879,879,9950,62.0,61930.0,Petrol,110.0,,0,1600,4,1035
880,880,10950,57.0,61682.0,Petrol,110.0,0.0,0,1600,3,1050
881,881,9795,68.0,61568.0,Petrol,110.0,1.0,0,1600,4,1035
882,882,8750,68.0,61504.0,Petrol,110.0,1.0,0,1600,4,1035
883,883,8250,65.0,61384.0,Petrol,110.0,1.0,0,1600,3,1050
884,884,9950,58.0,61343.0,Petrol,110.0,1.0,0,1600,5,1075
885,885,9950,62.0,61254.0,Petrol,110.0,0.0,0,1600,5,1075
886,886,10500,59.0,61166.0,Petrol,110.0,1.0,0,1600,3,1050
887,887,9750,62.0,61149.0,Petrol,86.0,1.0,0,1300,5,1040
888,888,11250,61.0,61144.0,Petrol,110.0,1.0,0,1600,5,1090
889,889,8900,59.0,61127.0,Petrol,110.0,1.0,0,1600,3,1050
890,890,7950,60.0,61100.0,,86.0,1.0,0,1300,3,1015
891,891,11500,68.0,61100.0,Petrol,110.0,1.0,0,1600,5,1075
892,892,9450,57.0,61000.0,Petrol,110.0,,0,1600,3,1050
893,893,7995,65.0,60724.0,Petrol,86.0,1.0,0,1300,3,1015
894,894,10995,59.0,60708.0,Petrol,86.0,1.0,0,1300,5,1045
895,895,8950,61.0,60532.0,Petrol,110.0,1.0,0,1600,3,1050
896,896,8250,,60000.0,Petrol,86.0,0.0,1,1300,4,1030
897,897,8950,66.0,60000.0,Petrol,86.0,1.0,0,1300,3,1015
898,898,8950,65.0,60000.0,,86.0,1.0,0,1300,3,1015
899,899,9500,62.0,59295.0,,86.0,0.0,0,1300,5,1035
900,900,7500,65.0,59264.0,Petrol,86.0,0.0,0,1300,3,1015
901,901,8950,63.0,59000.0,Petrol,110.0,0.0,0,1600,3,1050
902,902,9950,63.0,59000.0,Petrol,86.0,1.0,0,1300,5,1035
903,903,9750,65.0,59000.0,Petrol,110.0,0.0,0,1600,5,1075
904,904,9450,61.0,59000.0,Petrol,110.0,1.0,0,1600,5,1070
905,905,9950,65.0,59000.0,,110.0,0.0,0,1600,3,1050
906,906,9750,68.0,58860.0,Petrol,110.0,1.0,0,1600,3,1055
907,907,8950,65.0,58829.0,Petrol,110.0,0.0,0,1600,3,1050
908,908,8250,66.0,58654.0,Petrol,110.0,1.0,0,1600,5,1070
909,909,7750,65.0,58300.0,Petrol,86.0,1.0,0,1300,3,1015
910,910,8950,60.0,58269.0,Petrol,110.0,,0,1600,3,1050
911,911,9950,64.0,58136.0,Petrol,110.0,1.0,0,1600,5,1075
912,912,9450,66.0,58113.0,Petrol,107.0,1.0,1,1600,3,1085
913,913,12950,67.0,58058.0,Petrol,110.0,1.0,0,1600,3,1065
914,914,9950,58.0,58000.0,Petrol,110.0,1.0,0,1600,3,1050
915,915,10495,62.0,58000.0,Petrol,110.0,1.0,0,1600,3,1065
916,916,7950,68.0,57565.0,Petrol,86.0,,0,1300,5,1035
917,917,10500,63.0,57413.0,Petrol,107.0,0.0,1,1600,5,1115
918,918,8950,65.0,57374.0,Petrol,110.0,1.0,0,1600,5,1075
919,919,9900,62.0,57179.0,Petrol,110.0,1.0,0,1600,5,1075
920,920,9995,61.0,57169.0,Petrol,110.0,1.0,0,1600,3,1065
921,921,9950,63.0,57124.0,Petrol,110.0,1.0,0,1600,3,1065
922,922,9950,63.0,57000.0,Petrol,110.0,,0,1600,3,1050
923,923,8250,67.0,57000.0,Petrol,110.0,0.0,0,1600,3,1050
924,924,9950,63.0,57000.0,Petrol,86.0,1.0,0,1300,5,1035
925,925,8950,59.0,56259.0,Petrol,86.0,0.0,0,1300,3,1015
926,926,10950,62.0,56209.0,Petrol,107.0,1.0,1,1600,3,1080
927,927,9250,67.0,56074.0,Petrol,86.0,0.0,0,1300,4,1000
928,928,9950,63.0,55942.0,Petrol,110.0,1.0,0,1600,5,1070
929,929,9995,57.0,55844.0,Petrol,86.0,1.0,0,1300,5,1045
930,930,8750,61.0,55747.0,Petrol,86.0,0.0,0,1300,3,1020
931,931,10950,58.0,55478.0,Petrol,86.0,0.0,0,1300,5,1045
932,932,10350,,55085.0,Petrol,107.0,0.0,1,1600,5,1105
933,933,9950,65.0,55061.0,Petrol,110.0,1.0,0,1600,5,1070
934,934,8950,65.0,55000.0,Petrol,86.0,1.0,0,1300,3,1015
935,935,10950,57.0,55000.0,Petrol,110.0,0.0,0,1600,5,1075
936,936,10950,63.0,54936.0,Petrol,110.0,1.0,0,1600,5,1075
937,937,8950,68.0,54875.0,Petrol,110.0,1.0,0,1600,5,1070
938,938,8900,67.0,54847.0,Petrol,110.0,0.0,0,1600,3,1050
939,939,10250,60.0,54554.0,Petrol,110.0,,0,1600,3,1065
940,940,9450,61.0,54125.0,Petrol,110.0,1.0,0,1600,5,1035
941,941,9250,61.0,54000.0,Petrol,110.0,1.0,0,1600,3,1055
942,942,10500,57.0,54000.0,Petrol,110.0,1.0,0,1600,5,1075
943,943,7350,58.0,54000.0,Petrol,86.0,0.0,0,1300,5,1035
944,944,10250,57.0,54000.0,Petrol,110.0,1.0,0,1600,3,1135
945,945,10250,62.0,53285.0,Petrol,110.0,1.0,0,1600,5,1075
946,946,11500,65.0,53053.0,,110.0,1.0,0,1600,5,1075
947,947,8950,68.0,53000.0,Petrol,110.0,1.0,1,1587,3,1075
948,948,7750,,53000.0,Petrol,86.0,0.0,0,1300,3,1015
949,949,9500,64.0,52968.0,Petrol,110.0,1.0,0,1600,3,1050
950,950,8450,67.0,52800.0,Petrol,86.0,1.0,0,1300,3,1015
951,951,8950,57.0,52548.0,Petrol,110.0,0.0,0,1600,3,1050
952,952,8400,60.0,52487.0,Petrol,110.0,1.0,0,1600,4,1035
953,953,9250,66.0,52383.0,Petrol,86.0,0.0,0,1300,3,1015
954,954,8900,61.0,52112.0,Petrol,110.0,1.0,0,1600,4,1035
955,955,8750,58.0,51712.0,Petrol,110.0,0.0,0,1600,3,1050
956,956,10950,58.0,51421.0,Petrol,110.0,0.0,1,1600,5,1105
957,957,8950,61.0,51235.0,Petrol,86.0,1.0,0,1300,4,1000
958,958,8950,65.0,51000.0,,86.0,1.0,0,1300,3,1015
959,959,8895,61.0,50925.0,Petrol,110.0,1.0,0,1600,5,1070
960,960,9390,66.0,50806.0,Petrol,86.0,0.0,0,1300,3,1480
961,961,8750,59.0,50469.0,Petrol,110.0,1.0,0,1600,5,1070
962,962,9750,61.0,50173.0,Petrol,110.0,1.0,0,1600,5,1075
963,963,9950,62.0,50000.0,Petrol,110.0,1.0,0,1600,5,1075
964,964,10950,65.0,49942.0,,110.0,0.0,0,1600,3,1065
965,965,9900,67.0,49585.0,Petrol,110.0,0.0,0,1600,5,1085
966,966,9500,62.0,49258.0,Petrol,110.0,1.0,0,1600,4,1035
967,967,9950,61.0,49000.0,Petrol,110.0,0.0,0,1600,3,1050
968,968,9950,63.0,48738.0,Petrol,110.0,0.0,0,1600,5,1055
969,969,10500,62.0,47750.0,Petrol,86.0,1.0,0,1300,5,1040
970,970,9950,63.0,47612.0,Petrol,86.0,0.0,0,1300,3,1015
971,971,10495,68.0,47500.0,Petrol,86.0,,0,1300,5,1035
972,972,9500,,47237.0,Petrol,110.0,0.0,0,1600,3,1050
973,973,8500,58.0,47171.0,Petrol,86.0,1.0,0,1300,3,1015
974,974,10450,60.0,47060.0,Petrol,110.0,0.0,0,1600,4,1035
975,975,8950,65.0,47014.0,Petrol,86.0,,0,1300,3,1015
976,976,9900,59.0,46929.0,Petrol,86.0,1.0,0,1300,3,1025
977,977,8900,,46000.0,Petrol,86.0,0.0,0,1300,5,1035
978,978,8745,65.0,45681.0,Petrol,110.0,0.0,0,1600,3,1050
979,979,8750,65.0,45549.0,Petrol,86.0,,0,1300,3,1015
980,980,10750,57.0,45000.0,Petrol,110.0,1.0,0,1600,5,1050
981,981,9750,57.0,45000.0,,110.0,1.0,0,1600,3,1050
982,982,8850,65.0,45000.0,Petrol,110.0,0.0,0,1600,5,1075
983,983,7950,66.0,45000.0,Petrol,86.0,1.0,0,1300,5,1035
984,984,9450,63.0,45000.0,Petrol,110.0,1.0,0,1600,4,1035
985,985,9950,61.0,45000.0,Petrol,107.0,0.0,1,1600,3,1085
986,986,8250,63.0,44944.0,Petrol,110.0,,0,1600,4,1035
987,987,9950,61.0,44597.0,Petrol,86.0,,0,1300,3,1015
988,988,9995,,44458.0,Petrol,86.0,0.0,0,1300,3,1015
989,989,9950,59.0,43818.0,Petrol,110.0,0.0,0,1600,5,1070
990,990,10495,60.0,43426.0,Petrol,110.0,1.0,0,1600,5,1070
991,991,7950,,43000.0,,110.0,,1,1600,4,1114
992,992,8950,68.0,43000.0,Petrol,110.0,1.0,0,1600,5,1035
993,993,9695,57.0,43000.0,Petrol,110.0,0.0,0,1600,5,1075
994,994,7750,64.0,43000.0,Petrol,86.0,,0,1300,3,1015
995,995,9950,68.0,42750.0,,110.0,,0,1600,3,1050
996,996,9950,67.0,42102.0,Petrol,110.0,,0,1600,5,1075
997,997,9950,63.0,41586.0,Petrol,110.0,1.0,0,1600,5,1114
998,998,9900,64.0,41200.0,Petrol,110.0,,0,1600,5,1070
999,999,10950,57.0,40214.0,Petrol,86.0,0.0,0,1300,3,1025
1000,1000,8950,60.0,40000.0,Petrol,86.0,1.0,0,1300,4,1000
1001,1001,8950,66.0,39222.0,,86.0,1.0,1,1300,3,1045
1002,1002,8250,66.0,39144.0,Petrol,110.0,1.0,0,1600,3,1050
1003,1003,10250,62.0,39000.0,Petrol,110.0,1.0,0,1600,5,1075
1004,1004,8750,61.0,38019.0,Petrol,110.0,1.0,0,1600,5,1070
1005,1005,9750,,37759.0,Petrol,110.0,1.0,0,1600,5,1070
1006,1006,10950,61.0,37500.0,Petrol,110.0,0.0,0,1600,5,1085
1007,1007,10950,60.0,37111.0,Petrol,110.0,1.0,0,1600,3,1050
1008,1008,9750,62.0,37000.0,Petrol,86.0,0.0,0,1300,3,1015
1009,1009,8900,59.0,36954.0,Petrol,110.0,1.0,0,1600,3,1050
1010,1010,9500,60.0,36943.0,Petrol,110.0,0.0,0,1600,5,1070
1011,1011,9950,63.0,36923.0,Petrol,86.0,0.0,0,1300,5,1050
1012,1012,9950,66.0,36658.0,Petrol,110.0,0.0,0,1600,3,1050
1013,1013,8250,65.0,36000.0,Petrol,86.0,1.0,0,1300,3,1015
1014,1014,10450,65.0,36000.0,Petrol,110.0,,0,1600,3,1065
1015,1015,10950,62.0,35512.0,Petrol,110.0,1.0,0,1600,3,1065
1016,1016,9250,65.0,35283.0,Petrol,86.0,1.0,0,1300,3,1015
1017,1017,8900,68.0,35000.0,Petrol,110.0,1.0,0,1600,3,1050
1018,1018,10900,57.0,35000.0,Petrol,86.0,1.0,0,1300,5,1045
1019,1019,9750,64.0,34114.0,Petrol,110.0,0.0,0,1600,3,1050
1020,1020,11950,58.0,34000.0,Petrol,110.0,0.0,0,1600,5,1075
1021,1021,7900,68.0,33847.0,Petrol,86.0,1.0,0,1300,4,1000
1022,1022,10900,57.0,33535.0,Petrol,110.0,0.0,0,1600,4,1035
1023,1023,10450,65.0,33000.0,Petrol,110.0,0.0,0,1600,3,1050
1024,1024,10950,59.0,32150.0,Petrol,110.0,1.0,0,1600,5,1085
1025,1025,9950,65.0,31588.0,Petrol,86.0,1.0,0,1300,3,1015
1026,1026,10750,,31480.0,Petrol,110.0,1.0,0,1600,3,1065
1027,1027,9900,57.0,31307.0,Petrol,110.0,1.0,0,1600,5,1070
1028,1028,10750,68.0,31000.0,Petrol,110.0,1.0,0,1600,4,1035
1029,1029,10450,58.0,30634.0,Petrol,110.0,1.0,0,1600,5,1075
1030,1030,9450,68.0,30300.0,Petrol,86.0,1.0,0,1300,4,1000
1031,1031,10750,60.0,28500.0,,86.0,1.0,1,1300,3,1045
1032,1032,10950,60.0,28500.0,Petrol,110.0,0.0,0,1600,5,1075
1033,1033,10000,57.0,28000.0,Petrol,86.0,,0,1300,3,1015
1034,1034,10500,68.0,26698.0,Petrol,110.0,0.0,0,1600,3,1055
1035,1035,12500,62.0,26000.0,Petrol,107.0,,1,1600,3,1085
1036,1036,8950,62.0,25505.0,Petrol,86.0,1.0,0,1300,5,1035
1037,1037,10500,58.0,25000.0,Petrol,110.0,1.0,0,1600,5,1075
1038,1038,9245,66.0,22835.0,Petrol,110.0,1.0,0,1600,3,1050
1039,1039,10950,59.0,22705.0,,110.0,1.0,0,1600,5,1075
1040,1040,9500,,22178.0,Petrol,86.0,1.0,0,1300,3,1015
1041,1041,10900,62.0,17345.0,,110.0,1.0,0,1600,3,1050
1042,1042,10950,67.0,15535.0,Petrol,86.0,,1,1300,4,1030
1043,1043,9450,66.0,15110.0,Petrol,86.0,0.0,0,1300,5,1035
1044,1044,5900,73.0,232940.0,Diesel,72.0,0.0,0,2000,5,1172
1045,1045,6950,79.0,218118.0,Diesel,72.0,0.0,0,2000,5,1150
1046,1046,6000,78.0,217764.0,Diesel,72.0,1.0,0,2000,5,1135
1047,1047,5250,79.0,207114.0,CNG,110.0,1.0,0,1600,5,1114
1048,1048,4400,74.0,203254.0,Diesel,72.0,1.0,0,2000,3,1135
1049,1049,6750,77.0,,Diesel,72.0,1.0,0,2000,4,1100
1050,1050,8500,69.0,197501.0,Diesel,72.0,0.0,0,2000,5,1135
1051,1051,6150,80.0,194765.0,Diesel,72.0,0.0,0,2000,3,1120
1052,1052,6950,76.0,191620.0,Diesel,72.0,0.0,0,2000,5,1150
1053,1053,5750,76.0,183277.0,Diesel,72.0,0.0,0,2000,3,1115
1054,1054,8750,78.0,180378.0,,72.0,1.0,0,2000,4,1100
1055,1055,6500,70.0,178800.0,Diesel,72.0,0.0,0,2000,3,1115
1056,1056,5950,73.0,176177.0,Petrol,110.0,,0,1600,5,1075
1057,1057,6500,78.0,176000.0,Petrol,86.0,0.0,0,1300,5,1035
1058,1058,10500,77.0,172980.0,Diesel,72.0,,0,2000,5,1135
1059,1059,8500,77.0,170000.0,Diesel,72.0,0.0,0,2000,4,1100
1060,1060,7950,71.0,164000.0,Petrol,110.0,1.0,0,1600,3,1050
1061,1061,5800,78.0,161775.0,Petrol,86.0,,0,1300,3,1015
1062,1062,6750,80.0,160000.0,Petrol,86.0,0.0,0,1300,3,1015
1063,1063,6950,78.0,159968.0,Diesel,72.0,0.0,0,2000,3,1115
1064,1064,5740,74.0,159908.0,Petrol,110.0,0.0,0,1600,3,1050
1065,1065,6550,73.0,158492.0,Petrol,86.0,0.0,0,1300,3,1015
1066,1066,8950,69.0,156204.0,Diesel,72.0,1.0,0,2000,3,1115
1067,1067,6750,73.0,156169.0,Petrol,86.0,1.0,0,1300,5,1035
1068,1068,7950,78.0,155210.0,Petrol,110.0,0.0,0,1600,3,1050
1069,1069,7950,69.0,155000.0,Diesel,72.0,0.0,0,2000,3,1115
1070,1070,7450,76.0,154900.0,Diesel,72.0,1.0,0,2000,5,1140
1071,1071,7750,70.0,151300.0,Diesel,72.0,1.0,0,2000,5,1150
1072,1072,6450,71.0,151000.0,CNG,110.0,1.0,0,1600,5,1094
1073,1073,7900,75.0,150000.0,Diesel,72.0,1.0,0,2000,3,1135
1074,1074,6900,69.0,146304.0,Diesel,72.0,,0,2000,3,1115
1075,1075,5600,75.0,146197.0,Petrol,86.0,0.0,0,1300,3,1015
1076,1076,5950,77.0,145996.0,Petrol,110.0,0.0,0,1600,4,1035
1077,1077,6950,80.0,143560.0,Petrol,86.0,1.0,1,1300,3,1045
1078,1078,7950,71.0,139145.0,Diesel,73.0,0.0,0,2000,2,1115
1079,1079,8950,,138500.0,Petrol,86.0,0.0,0,1300,5,1050
1080,1080,7950,74.0,137741.0,Diesel,90.0,1.0,0,2000,5,1135
1081,1081,9500,80.0,137178.0,Diesel,90.0,1.0,0,2000,5,1135
1082,1082,8600,,134889.0,Diesel,72.0,1.0,0,2000,3,1115
1083,1083,5950,71.0,134660.0,Diesel,72.0,0.0,0,2000,5,1135
1084,1084,7750,73.0,134539.0,Petrol,110.0,,0,1600,5,1070
1085,1085,7950,79.0,131500.0,Diesel,72.0,0.0,0,2000,5,1140
1086,1086,6950,77.0,131307.0,Petrol,110.0,,0,1600,3,1050
1087,1087,7250,74.0,130025.0,Petrol,110.0,1.0,0,1600,3,1050
1088,1088,6500,78.0,130000.0,Petrol,86.0,,0,1300,5,1015
1089,1089,7250,77.0,128960.0,Petrol,110.0,1.0,0,1600,5,1070
1090,1090,9250,80.0,128351.0,,110.0,1.0,0,1600,5,1070
1091,1091,8250,73.0,128006.0,Petrol,110.0,1.0,0,1600,3,1050
1092,1092,7250,71.0,127159.0,Diesel,72.0,1.0,0,2000,3,1115
1093,1093,5250,72.0,126478.0,Petrol,110.0,1.0,0,1600,4,1035
1094,1094,7900,77.0,126000.0,Petrol,110.0,1.0,0,1600,5,1050
1095,1095,6900,76.0,125778.0,Petrol,110.0,0.0,0,1600,3,1050
1096,1096,7900,75.0,125400.0,Petrol,110.0,0.0,0,1600,3,1050
1097,1097,7250,74.0,124910.0,Diesel,72.0,0.0,0,2000,5,1135
1098,1098,8450,70.0,124743.0,Petrol,110.0,1.0,0,1600,3,1050
1099,1099,7950,,124591.0,Petrol,110.0,1.0,0,1600,5,1075
1100,1100,7950,74.0,124057.0,Petrol,110.0,1.0,0,1600,3,1050
1101,1101,6450,72.0,123403.0,Petrol,110.0,1.0,0,1600,3,1050
1102,1102,6650,75.0,123104.0,Petrol,110.0,1.0,0,1600,5,1070
1103,1103,7950,74.0,123077.0,Petrol,86.0,,0,1300,3,1015
1104,1104,7250,80.0,122820.0,Petrol,86.0,0.0,0,1300,5,1040
1105,1105,7450,77.0,122290.0,Petrol,110.0,0.0,0,1600,3,1050
1106,1106,7950,74.0,121900.0,Petrol,110.0,1.0,0,1600,4,1035
1107,1107,7250,,121545.0,Petrol,110.0,1.0,0,1600,5,1070
1108,1108,8250,71.0,120474.0,Diesel,72.0,,0,2000,3,1115
1109,1109,8950,76.0,120263.0,Diesel,72.0,1.0,0,2000,5,1135
1110,1110,7750,74.0,120196.0,Petrol,110.0,1.0,0,1600,3,1050
1111,1111,8500,71.0,120000.0,Petrol,110.0,0.0,0,1600,5,1085
1112,1112,7750,78.0,120000.0,Petrol,110.0,0.0,0,1600,5,1075
1113,1113,5750,73.0,115877.0,Petrol,110.0,0.0,0,1600,4,1035
1114,1114,6900,76.0,115345.0,Petrol,110.0,1.0,0,1600,5,1070
1115,1115,6500,,115157.0,Petrol,110.0,1.0,0,1600,3,1050
1116,1116,6500,78.0,115000.0,Petrol,107.0,1.0,1,1600,5,1100
1117,1117,7600,77.0,114258.0,Petrol,86.0,1.0,0,1300,5,1050
1118,1118,8950,73.0,112963.0,Diesel,72.0,1.0,0,2000,5,1135
1119,1119,7450,74.0,112307.0,Petrol,110.0,1.0,0,1600,5,1070
1120,1120,7350,72.0,,Petrol,86.0,1.0,0,1300,3,1015
1121,1121,7750,73.0,111602.0,Petrol,86.0,,0,1300,3,1015
1122,1122,7460,80.0,111392.0,CNG,110.0,0.0,0,1598,3,1083
1123,1123,9250,76.0,110901.0,Petrol,110.0,1.0,0,1600,5,1085
1124,1124,7250,80.0,110887.0,Petrol,110.0,1.0,0,1600,3,1055
1125,1125,6500,72.0,110634.0,Petrol,86.0,1.0,0,1300,3,1015
1126,1126,6800,80.0,110000.0,Petrol,110.0,1.0,0,1600,4,1035
1127,1127,8700,75.0,109540.0,Petrol,110.0,0.0,0,1600,5,1085
1128,1128,7500,,109263.0,Petrol,110.0,0.0,0,1600,5,1070
1129,1129,7750,71.0,107516.0,Petrol,110.0,,0,1600,3,1050
1130,1130,7950,73.0,107108.0,Petrol,110.0,1.0,0,1600,3,1050
1131,1131,9950,75.0,107000.0,Petrol,110.0,1.0,0,1600,3,1050
1132,1132,6640,74.0,106250.0,Petrol,110.0,0.0,0,1600,5,1070
1133,1133,8750,71.0,106150.0,Petrol,86.0,0.0,0,1300,3,1015
1134,1134,7750,72.0,106108.0,Petrol,110.0,,0,1600,3,1050
1135,1135,5950,72.0,105856.0,Petrol,86.0,0.0,0,1300,3,1015
1136,1136,6750,77.0,105152.0,Petrol,86.0,0.0,0,1300,3,1015
1137,1137,6500,80.0,105135.0,Petrol,110.0,1.0,0,1600,3,1050
1138,1138,8750,76.0,104344.0,Petrol,110.0,1.0,0,1600,3,1050
1139,1139,7950,74.0,104150.0,Petrol,110.0,1.0,0,1600,3,1050
1140,1140,6750,74.0,104000.0,Petrol,86.0,1.0,0,1300,3,1010
1141,1141,7950,73.0,103121.0,Petrol,86.0,1.0,0,1300,5,1035
1142,1142,7950,80.0,102300.0,Petrol,86.0,1.0,0,1300,3,1015
1143,1143,8950,75.0,102005.0,Petrol,107.0,1.0,1,1600,5,1105
1144,1144,7750,77.0,102000.0,Petrol,86.0,1.0,0,1300,3,1015
1145,1145,6450,75.0,101855.0,Petrol,110.0,1.0,0,1600,5,1070
1146,1146,6900,74.0,101773.0,Petrol,110.0,0.0,0,1600,3,1050
1147,1147,8450,75.0,101159.0,Petrol,110.0,1.0,0,1600,5,1085
1148,1148,6750,74.0,101000.0,Petrol,86.0,0.0,0,1300,3,1015
1149,1149,8050,74.0,100732.0,Petrol,86.0,1.0,1,1300,4,1030
1150,1150,9500,79.0,100719.0,Petrol,110.0,0.0,0,1600,5,1070
1151,1151,7750,78.0,100487.0,Petrol,110.0,0.0,0,1600,4,1035
1152,1152,8500,80.0,100458.0,Petrol,110.0,0.0,0,1600,5,1085
1153,1153,7795,75.0,100192.0,Petrol,110.0,1.0,0,1600,3,1050
1154,1154,6490,80.0,100123.0,Petrol,110.0,1.0,0,1600,3,1050
1155,1155,7950,73.0,99971.0,Petrol,110.0,1.0,0,1600,3,1050
1156,1156,6425,79.0,99397.0,Petrol,86.0,0.0,0,1300,5,1035
1157,1157,8950,69.0,99374.0,Petrol,86.0,1.0,0,1300,5,1035
1158,1158,6950,72.0,99245.0,Petrol,110.0,1.0,0,1600,5,1114
1159,1159,8750,79.0,98742.0,Petrol,110.0,0.0,0,1600,5,1085
1160,1160,8450,71.0,98154.0,Petrol,110.0,1.0,0,1600,3,1050
1161,1161,7950,77.0,98000.0,Petrol,110.0,1.0,0,1600,5,1065
1162,1162,7950,80.0,97548.0,Petrol,86.0,0.0,0,1300,5,1035
1163,1163,8900,78.0,97534.0,Petrol,110.0,1.0,0,1600,5,1070
1164,1164,8950,73.0,97494.0,Petrol,110.0,1.0,0,1600,5,1085
1165,1165,8900,73.0,97085.0,Petrol,110.0,1.0,0,1600,5,1085
1166,1166,7950,69.0,97000.0,Petrol,110.0,0.0,0,1600,4,1035
1167,1167,6495,74.0,96302.0,Petrol,86.0,1.0,0,1300,3,1015
1168,1168,7250,78.0,96000.0,Petrol,86.0,1.0,0,1300,3,1015
1169,1169,9250,,96000.0,Petrol,110.0,1.0,0,1600,5,1085
1170,1170,6650,78.0,95909.0,Petrol,110.0,1.0,0,1600,5,1070
1171,1171,6990,79.0,95700.0,Petrol,110.0,0.0,0,1600,5,1085
1172,1172,7750,78.0,95651.0,Petrol,110.0,1.0,0,1600,5,1070
1173,1173,6950,79.0,95000.0,,86.0,1.0,0,1300,5,1035
1174,1174,7250,80.0,94447.0,Petrol,110.0,0.0,0,1600,3,1050
1175,1175,9950,,94079.0,Petrol,110.0,1.0,0,1600,5,1085
1176,1176,9250,,93841.0,Petrol,110.0,0.0,0,1600,5,1070
1177,1177,7200,79.0,93090.0,,86.0,1.0,0,1300,5,1035
1178,1178,8250,72.0,93066.0,Petrol,110.0,1.0,0,1600,5,1075
1179,1179,8950,79.0,93039.0,Petrol,110.0,1.0,0,1600,3,1050
1180,1180,8250,77.0,93000.0,,110.0,1.0,0,1600,5,1075
1181,1181,6250,80.0,92830.0,Petrol,86.0,1.0,0,1300,3,1015
1182,1182,9900,80.0,92255.0,Petrol,107.0,0.0,1,1600,5,1105
1183,1183,7300,80.0,92096.0,Petrol,86.0,1.0,0,1300,5,1035
1184,1184,8950,72.0,91921.0,Petrol,86.0,1.0,0,1300,3,1020
1185,1185,6500,70.0,91900.0,Petrol,86.0,1.0,0,1300,3,1015
1186,1186,7950,78.0,91399.0,Petrol,110.0,1.0,0,1600,5,1070
1187,1187,7450,75.0,91082.0,Petrol,110.0,,0,1600,3,1050
1188,1188,7950,71.0,90370.0,Petrol,86.0,1.0,0,1300,5,1035
1189,1189,8500,78.0,90345.0,Petrol,86.0,1.0,0,1300,5,1035
1190,1190,6950,77.0,90305.0,Petrol,86.0,1.0,0,1300,3,1015
1191,1191,7950,78.0,90011.0,Petrol,86.0,0.0,1,1300,3,1045
1192,1192,6750,77.0,90000.0,,86.0,1.0,0,1300,3,1015
1193,1193,8450,70.0,89983.0,Petrol,110.0,0.0,0,1600,3,1055
1194,1194,7500,78.0,89953.0,Petrol,110.0,0.0,0,1600,5,1114
1195,1195,8750,74.0,89800.0,Diesel,72.0,1.0,0,2000,3,1115
1196,1196,8750,79.0,89739.0,Petrol,86.0,1.0,0,1300,5,1035
1197,1197,8950,76.0,89520.0,Petrol,110.0,1.0,0,1600,3,1050
1198,1198,7450,,89507.0,Petrol,86.0,0.0,0,1300,3,1015
1199,1199,9200,69.0,89096.0,Petrol,110.0,1.0,0,1600,5,1085
1200,1200,8950,74.0,88700.0,Petrol,110.0,1.0,0,1600,3,1050
1201,1201,7850,72.0,88500.0,Petrol,110.0,,0,1600,5,1075
1202,1202,6950,73.0,88186.0,Diesel,72.0,1.0,0,2000,3,1115
1203,1203,7200,75.0,88000.0,Petrol,110.0,1.0,0,1600,3,1050
1204,1204,7450,78.0,87743.0,Petrol,110.0,0.0,0,1600,3,1055
1205,1205,6750,75.0,87613.0,Petrol,86.0,0.0,0,1300,3,1015
1206,1206,7500,73.0,87358.0,Petrol,110.0,1.0,0,1600,3,1050
1207,1207,7450,,87083.0,Petrol,110.0,0.0,0,1600,4,1035
1208,1208,7950,70.0,87000.0,Petrol,110.0,,0,1600,4,1035
1209,1209,7250,78.0,87000.0,Petrol,110.0,1.0,0,1600,4,1035
1210,1210,7950,,87000.0,Petrol,86.0,1.0,0,1300,3,1015
1211,1211,8250,80.0,87000.0,Petrol,86.0,1.0,0,1300,3,1015
1212,1212,8250,72.0,86860.0,Petrol,110.0,0.0,0,1600,5,1075
1213,1213,6750,80.0,86109.0,Petrol,110.0,1.0,0,1600,3,1055
1214,1214,8750,79.0,86000.0,,86.0,1.0,0,1300,5,1040
1215,1215,8950,80.0,86000.0,Petrol,110.0,0.0,0,1600,3,1050
1216,1216,8500,70.0,85864.0,Diesel,72.0,1.0,0,2000,5,1135
1217,1217,8250,80.0,85565.0,Petrol,110.0,0.0,0,1600,5,1070
1218,1218,9450,70.0,85470.0,Petrol,107.0,0.0,1,1600,3,1080
1219,1219,7950,73.0,85200.0,Petrol,110.0,1.0,0,1600,3,1050
1220,1220,7900,70.0,85000.0,Petrol,110.0,1.0,0,1600,3,1055
1221,1221,8500,73.0,84988.0,Petrol,110.0,1.0,0,1600,3,1050
1222,1222,8250,79.0,84966.0,Petrol,110.0,0.0,0,1600,5,1070
1223,1223,8250,76.0,84472.0,Petrol,110.0,1.0,0,1600,5,1070
1224,1224,8950,73.0,84402.0,Petrol,110.0,1.0,0,1600,4,1035
1225,1225,7950,74.0,84123.0,Petrol,110.0,0.0,0,1600,3,1050
1226,1226,6950,,84000.0,Petrol,110.0,0.0,0,1600,5,1075
1227,1227,7250,78.0,84000.0,Petrol,110.0,1.0,0,1600,5,1065
1228,1228,7750,77.0,84000.0,Petrol,110.0,1.0,0,1600,5,1085
1229,1229,8700,75.0,83850.0,Petrol,110.0,,0,1600,3,1055
1230,1230,8950,,83540.0,Petrol,110.0,1.0,0,1600,5,1070
1231,1231,6750,76.0,83405.0,Petrol,110.0,1.0,0,1600,5,1070
1232,1232,7500,71.0,83291.0,Petrol,110.0,1.0,0,1600,5,1070
1233,1233,7950,69.0,83133.0,Petrol,86.0,0.0,0,1300,3,1015
1234,1234,8950,71.0,83047.0,,86.0,1.0,1,1300,3,1045
1235,1235,7950,71.0,82700.0,Petrol,110.0,0.0,0,1600,3,1050
1236,1236,7450,,82675.0,Petrol,86.0,0.0,0,1300,3,1015
1237,1237,5950,78.0,82595.0,,86.0,1.0,0,1300,3,1015
1238,1238,7750,75.0,82256.0,Petrol,110.0,1.0,0,1600,3,1050
1239,1239,6950,77.0,82103.0,Petrol,86.0,1.0,0,1300,3,1015
1240,1240,8750,80.0,82021.0,Petrol,86.0,1.0,0,1300,5,1035
1241,1241,8950,71.0,82000.0,,110.0,1.0,0,1600,5,1075
1242,1242,7495,79.0,81988.0,Petrol,110.0,1.0,0,1600,5,1070
1243,1243,7750,76.0,81930.0,Petrol,110.0,,0,1600,5,1070
1244,1244,6950,70.0,81663.0,,110.0,0.0,0,1600,3,1050
1245,1245,7990,77.0,80486.0,Petrol,,1.0,0,1600,5,1070
1246,1246,7250,78.0,80000.0,Petrol,110.0,1.0,0,1600,4,1065
1247,1247,6900,69.0,79000.0,Petrol,86.0,0.0,0,1300,3,1015
1248,1248,7750,74.0,78894.0,Petrol,110.0,0.0,0,1600,5,1070
1249,1249,7250,,78689.0,Petrol,110.0,0.0,0,1600,4,1035
1250,1250,8950,77.0,78435.0,Petrol,86.0,0.0,0,1300,3,1015
1251,1251,8500,71.0,78260.0,Petrol,110.0,0.0,0,1600,3,1050
1252,1252,7950,72.0,78120.0,,110.0,1.0,0,1600,5,1075
1253,1253,6950,77.0,77000.0,Petrol,86.0,,0,1300,3,1015
1254,1254,8000,,77000.0,Petrol,110.0,0.0,0,1600,3,1050
1255,1255,7950,75.0,76382.0,Petrol,110.0,,0,1600,3,1055
1256,1256,8500,76.0,76268.0,Petrol,86.0,1.0,0,1300,3,1015
1257,1257,7490,73.0,76151.0,Petrol,86.0,1.0,0,1300,3,1015
1258,1258,8250,80.0,76000.0,Petrol,110.0,,0,1600,3,1050
1259,1259,9250,71.0,76000.0,Petrol,110.0,1.0,0,1600,5,1070
1260,1260,7950,72.0,75840.0,Petrol,86.0,0.0,0,1300,5,1035
1261,1261,9500,77.0,75799.0,Petrol,110.0,1.0,0,1600,3,1050
1262,1262,8950,72.0,75525.0,Petrol,110.0,1.0,0,1600,3,1114
1263,1263,8450,78.0,75323.0,Petrol,86.0,1.0,0,1300,5,1050
1264,1264,7995,79.0,75322.0,Petrol,110.0,1.0,0,1600,4,1115
1265,1265,8750,78.0,75226.0,Petrol,110.0,0.0,0,1600,4,1035
1266,1266,5950,71.0,75085.0,Petrol,86.0,0.0,0,1300,5,1035
1267,1267,8500,73.0,75000.0,Petrol,110.0,0.0,0,1600,5,1075
1268,1268,8950,69.0,75000.0,Petrol,86.0,1.0,0,1300,4,1000
1269,1269,8750,69.0,75000.0,Petrol,86.0,1.0,0,1300,4,1000
1270,1270,7600,78.0,74926.0,Petrol,110.0,1.0,0,1600,5,1075
1271,1271,7145,80.0,74785.0,Petrol,110.0,1.0,0,1600,5,1070
1272,1272,8450,69.0,74573.0,Petrol,110.0,1.0,0,1600,5,1085
1273,1273,5950,,74567.0,Petrol,86.0,1.0,0,1300,3,1015
1274,1274,9000,80.0,74196.0,Petrol,110.0,,0,1600,5,1075
1275,1275,7250,80.0,74151.0,Petrol,110.0,1.0,0,1600,3,1050
1276,1276,7400,75.0,74096.0,Petrol,110.0,1.0,0,1600,3,1050
1277,1277,8800,79.0,74093.0,Petrol,110.0,1.0,0,1600,5,1075
1278,1278,7750,71.0,74000.0,Petrol,110.0,0.0,0,1600,3,1050
1279,1279,7500,75.0,74000.0,Petrol,86.0,1.0,0,1300,3,1015
1280,1280,8450,78.0,73638.0,Petrol,86.0,1.0,1,1300,4,1015
1281,1281,7400,,73460.0,Petrol,110.0,1.0,0,1600,5,1070
1282,1282,7500,80.0,73200.0,Petrol,110.0,1.0,0,1600,5,1070
1283,1283,8950,76.0,73116.0,Petrol,110.0,1.0,0,1600,5,1075
1284,1284,8950,,73014.0,Petrol,110.0,,0,1600,5,1075
1285,1285,7950,77.0,72703.0,Petrol,110.0,1.0,0,1600,3,1050
1286,1286,7950,79.0,72328.0,Petrol,110.0,1.0,0,1600,5,1075
1287,1287,7950,78.0,72222.0,Petrol,110.0,1.0,0,1600,5,1070
1288,1288,8950,71.0,72128.0,Petrol,107.0,1.0,1,1600,5,1100
1289,1289,7750,78.0,72090.0,Petrol,110.0,1.0,0,1600,5,1070
1290,1290,8250,78.0,72000.0,Petrol,110.0,1.0,0,1600,4,1035
1291,1291,7950,78.0,72000.0,Petrol,110.0,0.0,0,1600,3,1055
1292,1292,7750,77.0,71900.0,Petrol,86.0,1.0,0,1300,3,1015
1293,1293,8500,77.0,71825.0,Petrol,110.0,0.0,0,1600,5,1075
1294,1294,6950,80.0,71740.0,Petrol,110.0,1.0,0,1600,5,1070
1295,1295,7500,80.0,71500.0,Petrol,110.0,1.0,0,1600,4,1035
1296,1296,7750,79.0,71359.0,Petrol,110.0,1.0,0,1600,3,1050
1297,1297,5950,79.0,71263.0,Petrol,86.0,,0,1300,3,1015
1298,1298,7500,78.0,71186.0,Petrol,110.0,0.0,0,1600,3,1050
1299,1299,8950,72.0,71054.0,Petrol,86.0,0.0,1,1300,3,1045
1300,1300,7950,76.0,71000.0,Petrol,110.0,1.0,0,1600,3,1050
1301,1301,6900,80.0,70939.0,Petrol,110.0,1.0,1,1600,5,1100
1302,1302,7450,77.0,70932.0,Petrol,110.0,1.0,0,1600,3,1050
1303,1303,8500,80.0,70597.0,Petrol,107.0,1.0,1,1600,3,1080
1304,1304,7500,73.0,70482.0,Petrol,110.0,1.0,0,1600,5,1075
1305,1305,8750,77.0,70124.0,Petrol,110.0,1.0,0,1600,3,1050
1306,1306,7500,76.0,70039.0,,110.0,1.0,0,1600,3,1050
1307,1307,9950,80.0,69904.0,Petrol,110.0,0.0,0,1600,5,1070
1308,1308,7950,75.0,69388.0,Petrol,86.0,0.0,0,1300,3,1010
1309,1309,9950,75.0,69320.0,Petrol,110.0,1.0,0,1600,5,1070
1310,1310,9250,78.0,69000.0,Petrol,110.0,,0,1600,5,1075
1311,1311,9250,73.0,68988.0,Petrol,86.0,1.0,0,1300,5,1035
1312,1312,9950,,68945.0,Petrol,110.0,1.0,0,1600,5,1085
1313,1313,5950,74.0,68285.0,Petrol,110.0,1.0,0,1600,3,1050
1314,1314,7995,,68000.0,,110.0,1.0,0,1600,5,1075
1315,1315,8950,,68000.0,Petrol,86.0,1.0,1,1300,3,1045
1316,1316,7450,75.0,67451.0,Petrol,86.0,1.0,0,1300,4,1000
1317,1317,8250,,67266.0,Petrol,86.0,1.0,0,1300,5,1035
1318,1318,8500,78.0,67255.0,Petrol,110.0,0.0,0,1600,5,1085
1319,1319,8500,70.0,67100.0,Petrol,110.0,1.0,0,1600,5,1075
1320,1320,9400,69.0,67092.0,Diesel,72.0,,0,2000,3,1115
1321,1321,7250,80.0,66880.0,Petrol,110.0,1.0,0,1600,3,1055
1322,1322,8950,79.0,66855.0,Petrol,110.0,1.0,0,1600,5,1075
1323,1323,9450,80.0,66843.0,Petrol,110.0,1.0,0,1600,5,1075
1324,1324,8500,74.0,66718.0,Petrol,110.0,1.0,0,1600,3,1050
1325,1325,6750,80.0,66168.0,Petrol,86.0,1.0,0,1300,3,1015
1326,1326,7400,80.0,65950.0,Petrol,110.0,0.0,0,1600,5,1070
1327,1327,8950,78.0,65500.0,Petrol,86.0,1.0,0,1300,3,1015
1328,1328,6900,80.0,65307.0,Petrol,110.0,1.0,0,1600,3,1055
1329,1329,7750,79.0,65254.0,Petrol,86.0,1.0,0,1300,3,1015
1330,1330,8950,71.0,65021.0,Diesel,72.0,,0,2000,3,1115
1331,1331,6950,75.0,65006.0,Petrol,86.0,1.0,0,1300,3,1015
1332,1332,8495,77.0,64280.0,Petrol,110.0,0.0,0,1600,4,1035
1333,1333,10000,75.0,64000.0,Petrol,107.0,0.0,1,1600,3,1085
1334,1334,6999,71.0,64000.0,Petrol,110.0,,0,1600,5,1070
1335,1335,8950,80.0,64000.0,Petrol,110.0,0.0,0,1600,3,1055
1336,1336,8500,79.0,63918.0,,110.0,,0,1600,4,1035
1337,1337,8750,75.0,63634.0,Petrol,110.0,1.0,0,1600,4,1035
1338,1338,7499,80.0,63500.0,Petrol,110.0,1.0,0,1600,3,1050
1339,1339,9000,,63266.0,Petrol,110.0,1.0,0,1600,4,1035
1340,1340,8950,77.0,62595.0,Petrol,110.0,1.0,0,1600,3,1050
1341,1341,6950,80.0,62581.0,Petrol,110.0,0.0,0,1600,5,1075
1342,1342,8500,77.0,62285.0,Petrol,110.0,1.0,0,1600,5,1075
1343,1343,8450,77.0,61906.0,Petrol,86.0,1.0,1,1300,5,1065
1344,1344,8950,74.0,61700.0,Petrol,110.0,0.0,0,1600,5,1070
1345,1345,8250,77.0,61648.0,Petrol,110.0,1.0,0,1600,5,1070
1346,1346,7950,75.0,61626.0,Petrol,86.0,0.0,0,1300,5,1035
1347,1347,7450,70.0,61510.0,Petrol,110.0,0.0,0,1600,4,1035
1348,1348,9000,79.0,61165.0,Petrol,107.0,1.0,1,1600,3,1080
1349,1349,7150,70.0,61000.0,Petrol,110.0,1.0,0,1600,4,1035
1350,1350,7750,76.0,60833.0,Petrol,110.0,1.0,0,1600,4,1035
1351,1351,5845,70.0,60600.0,Petrol,86.0,0.0,0,1300,3,1060
1352,1352,8500,72.0,60483.0,Petrol,110.0,1.0,0,1600,5,1075
1353,1353,8250,80.0,60476.0,Petrol,110.0,,0,1600,5,1114
1354,1354,9450,79.0,60142.0,Petrol,110.0,0.0,0,1600,3,1050
1355,1355,6750,69.0,60050.0,Petrol,110.0,1.0,0,1600,3,1050
1356,1356,8400,77.0,60000.0,Petrol,110.0,1.0,0,1600,3,1050
1357,1357,7900,76.0,60000.0,Petrol,110.0,0.0,0,1600,3,1050
1358,1358,7950,76.0,59815.0,Petrol,110.0,1.0,0,1587,3,1055
1359,1359,8750,80.0,59326.0,Petrol,110.0,,0,1600,5,1085
1360,1360,9900,73.0,59240.0,Petrol,110.0,1.0,0,1600,3,1050
1361,1361,6495,71.0,59164.0,Petrol,110.0,0.0,0,1600,4,1035
1362,1362,8250,70.0,59017.0,Petrol,107.0,1.0,1,1600,3,1080
1363,1363,6900,69.0,58952.0,Petrol,110.0,1.0,0,1600,3,1050
1364,1364,7500,74.0,58454.0,,86.0,1.0,0,1300,3,1015
1365,1365,7950,75.0,58341.0,Petrol,86.0,1.0,1,1300,4,1030
1366,1366,8250,80.0,58267.0,Petrol,110.0,1.0,0,1600,5,1070
1367,1367,8950,80.0,58000.0,Petrol,110.0,0.0,0,1600,3,1055
1368,1368,9750,70.0,57829.0,Petrol,110.0,0.0,0,1600,3,1050
1369,1369,8250,80.0,57787.0,Petrol,86.0,0.0,0,1300,3,1015
1370,1370,8900,78.0,57628.0,Petrol,110.0,0.0,0,1600,5,1075
1371,1371,8950,75.0,57537.0,Petrol,86.0,1.0,0,1300,5,1050
1372,1372,6750,76.0,57263.0,Petrol,110.0,1.0,0,1600,3,1050
1373,1373,7950,75.0,57144.0,Petrol,110.0,1.0,0,1600,5,1070
1374,1374,8600,69.0,57096.0,Petrol,86.0,1.0,0,1300,3,1025
1375,1375,7750,,57000.0,Petrol,86.0,0.0,0,1300,4,1000
1376,1376,7800,,56566.0,Petrol,110.0,1.0,0,1600,3,1050
1377,1377,8750,73.0,56307.0,Petrol,110.0,1.0,0,1600,3,1050
1378,1378,9500,79.0,56214.0,Petrol,86.0,0.0,0,1300,3,1015
1379,1379,7750,,56132.0,Petrol,110.0,0.0,0,1600,4,1035
1380,1380,9950,79.0,55425.0,Petrol,110.0,0.0,0,1600,5,1075
1381,1381,7750,77.0,54439.0,Petrol,86.0,1.0,0,1300,3,1015
1382,1382,5950,69.0,53809.0,Petrol,110.0,1.0,0,1600,3,1050
1383,1383,10950,76.0,53133.0,Petrol,110.0,1.0,0,1600,5,1070
1384,1384,9450,77.0,52900.0,Petrol,110.0,1.0,0,1600,4,1075
1385,1385,8250,80.0,52700.0,Petrol,110.0,0.0,0,1600,3,1050
1386,1386,9750,69.0,52320.0,Petrol,110.0,0.0,0,1600,5,1070
1387,1387,7450,78.0,52287.0,Petrol,110.0,0.0,0,1600,5,1114
1388,1388,8750,75.0,52000.0,Petrol,110.0,,0,1600,5,1075
1389,1389,8750,69.0,52000.0,Petrol,110.0,1.0,0,1600,3,1050
1390,1390,8500,73.0,52000.0,Petrol,110.0,1.0,1,1600,4,1065
1391,1391,8950,70.0,51874.0,Petrol,86.0,0.0,0,1300,4,1000
1392,1392,7500,79.0,49827.0,Petrol,86.0,,0,1300,5,1035
1393,1393,7250,69.0,49640.0,,110.0,1.0,0,1600,4,1035
1394,1394,7450,80.0,49580.0,,110.0,1.0,0,1600,4,1035
1395,1395,8750,76.0,49170.0,,86.0,,0,1300,3,1045
1396,1396,9800,77.0,48838.0,Petrol,110.0,0.0,0,1600,3,1055
1397,1397,7500,71.0,48576.0,Petrol,86.0,1.0,0,1300,3,1015
1398,1398,8950,75.0,48400.0,Petrol,110.0,1.0,0,1600,5,1075
1399,1399,8950,74.0,48242.0,Petrol,86.0,1.0,0,1300,5,1035
1400,1400,7450,70.0,47955.0,Petrol,110.0,1.0,0,1600,5,1070
1401,1401,8950,71.0,47633.0,Petrol,110.0,1.0,0,1600,5,1075
1402,1402,10500,,47400.0,Petrol,86.0,1.0,0,1300,5,1040
1403,1403,7000,73.0,47360.0,,86.0,0.0,0,1300,3,1010
1404,1404,8500,77.0,45507.0,Petrol,110.0,1.0,0,1600,3,1050
1405,1405,7750,76.0,45410.0,Petrol,86.0,1.0,0,1300,5,1035
1406,1406,8950,70.0,44850.0,Petrol,110.0,1.0,0,1600,3,1050
1407,1407,8250,69.0,44826.0,Petrol,110.0,0.0,0,1600,5,1075
1408,1408,9250,,44444.0,Petrol,110.0,1.0,0,1600,3,1050
1409,1409,7900,75.0,43720.0,Petrol,110.0,,0,1600,5,1070
1410,1410,8500,78.0,43622.0,Petrol,86.0,1.0,0,1300,4,1000
1411,1411,7950,76.0,43532.0,Petrol,110.0,0.0,0,1600,5,1070
1412,1412,9950,69.0,42800.0,Petrol,110.0,1.0,0,1600,3,1050
1413,1413,8750,74.0,42317.0,Petrol,107.0,1.0,1,1600,5,1100
1414,1414,7500,80.0,42186.0,Petrol,110.0,1.0,0,1600,3,1050
1415,1415,6950,72.0,42000.0,Petrol,110.0,,0,1600,3,1050
1416,1416,8950,,40093.0,Petrol,110.0,0.0,0,1600,5,1114
1417,1417,8750,79.0,39800.0,Petrol,107.0,0.0,1,1600,3,1080
1418,1418,7750,73.0,39168.0,Petrol,86.0,,0,1300,3,1015
1419,1419,8450,75.0,38945.0,Petrol,110.0,,0,1600,3,1050
1420,1420,8150,76.0,36537.0,,110.0,0.0,1,1600,4,1075
1421,1421,8500,78.0,,Petrol,86.0,0.0,1,1300,3,1045
1422,1422,7600,,36000.0,,110.0,1.0,0,1600,3,1050
1423,1423,7950,80.0,35821.0,Petrol,86.0,0.0,1,1300,3,1015
1424,1424,7750,73.0,34717.0,Petrol,86.0,0.0,0,1300,3,1015
1425,1425,7950,80.0,,Petrol,86.0,1.0,0,1300,4,1000
1426,1426,9950,78.0,30964.0,Petrol,110.0,,1,1600,3,1080
1427,1427,8950,,29000.0,Petrol,86.0,1.0,1,1300,3,1045
1428,1428,8450,72.0,,Petrol,86.0,,0,1300,3,1015
1429,1429,8950,78.0,24000.0,Petrol,86.0,1.0,1,1300,5,1065
1430,1430,8450,80.0,23000.0,Petrol,86.0,0.0,0,1300,3,1015
1431,1431,7500,,20544.0,Petrol,86.0,1.0,0,1300,3,1025
1432,1432,10845,72.0,,Petrol,86.0,0.0,0,1300,3,1015
1433,1433,8500,,17016.0,Petrol,86.0,0.0,0,1300,3,1015
1434,1434,7250,70.0,,,86.0,1.0,0,1300,3,1015
1435,1435,6950,76.0,1.0,Petrol,110.0,0.0,0,1600,5,1114
